"LOCATION","INDICATOR","SUBJECT","MEASURE","FREQUENCY","TIME","Value","Flag Codes"
"KOR","QGDP","TOT","PC_CHGPP","Q","2016-Q3",0.494029045,
"KOR","QGDP","TOT","PC_CHGPP","Q","2016-Q4",0.602121187,
"KOR","QGDP","TOT","PC_CHGPP","Q","2017-Q1",0.962440835,
"KOR","QGDP","TOT","PC_CHGPP","Q","2017-Q2",0.671283479,
"KOR","QGDP","TOT","PC_CHGPP","Q","2017-Q3",1.482113673,
"KOR","QGDP","TOT","PC_CHGPP","Q","2017-Q4",-0.265752327,
"KOR","QGDP","TOT","PC_CHGPP","Q","2018-Q1",1.148518541,
"KOR","QGDP","TOT","PC_CHGPP","Q","2018-Q2",0.633608551,
"KOR","QGDP","TOT","PC_CHGPP","Q","2018-Q3",0.688281747,
"KOR","QGDP","TOT","PC_CHGPP","Q","2018-Q4",0.822000181,
"KOR","QGDP","TOT","PC_CHGPP","Q","2019-Q1",-0.199687643,
"KOR","QGDP","TOT","PC_CHGPP","Q","2019-Q2",1.046022679,
"KOR","QGDP","TOT","PC_CHGPP","Q","2019-Q3",0.405037445,
"KOR","QGDP","TOT","PC_CHGPP","Q","2019-Q4",1.288454855,
"KOR","QGDP","TOT","PC_CHGPP","Q","2020-Q1",-1.261506728,"P"
"KOR","QGDP","TOT","PC_CHGPP","Q","2020-Q2",-3.150738208,"P"
"KOR","QGDP","TOT","PC_CHGPP","Q","2020-Q3",2.233424391,"P"
"KOR","QGDP","TOT","PC_CHGPP","Q","2020-Q4",1.142221229,"P"
"KOR","QGDP","TOT","PC_CHGPP","Q","2021-Q1",1.740407308,"P"
"KOR","QGDP","TOT","PC_CHGPP","Q","2021-Q2",0.770711605,"P"
"KOR","QGDP","TOT","PC_CHGPP","Q","2021-Q3",0.311163633,"P"
"KOR","QGDP","TOT","PC_CHGPP","Q","2021-Q4",1.222247457,"P"
"KOR","QGDP","TOT","PC_CHGPP","Q","2022-Q1",0.732000112,"P"
"AUS","QGDP","TOT","PC_CHGPP","Q","2016-Q3",0.138034077,
"AUS","QGDP","TOT","PC_CHGPP","Q","2016-Q4",1.016571269,
"AUS","QGDP","TOT","PC_CHGPP","Q","2017-Q1",0.246810353,
"AUS","QGDP","TOT","PC_CHGPP","Q","2017-Q2",0.714474729,
"AUS","QGDP","TOT","PC_CHGPP","Q","2017-Q3",0.9622701,
"AUS","QGDP","TOT","PC_CHGPP","Q","2017-Q4",0.389941873,
"AUS","QGDP","TOT","PC_CHGPP","Q","2018-Q1",0.871213457,
"AUS","QGDP","TOT","PC_CHGPP","Q","2018-Q2",0.948803664,
"AUS","QGDP","TOT","PC_CHGPP","Q","2018-Q3",0.389192228,
"AUS","QGDP","TOT","PC_CHGPP","Q","2018-Q4",0.060252207,
"AUS","QGDP","TOT","PC_CHGPP","Q","2019-Q1",0.461452684,
"AUS","QGDP","TOT","PC_CHGPP","Q","2019-Q2",0.764276964,
"AUS","QGDP","TOT","PC_CHGPP","Q","2019-Q3",0.774102322,
"AUS","QGDP","TOT","PC_CHGPP","Q","2019-Q4",0.329919527,
"AUS","QGDP","TOT","PC_CHGPP","Q","2020-Q1",-0.2517764,
"AUS","QGDP","TOT","PC_CHGPP","Q","2020-Q2",-6.788708787,
"AUS","QGDP","TOT","PC_CHGPP","Q","2020-Q3",3.39740667,
"AUS","QGDP","TOT","PC_CHGPP","Q","2020-Q4",3.215098165,
"AUS","QGDP","TOT","PC_CHGPP","Q","2021-Q1",1.857630259,
"AUS","QGDP","TOT","PC_CHGPP","Q","2021-Q2",0.795943647,
"AUS","QGDP","TOT","PC_CHGPP","Q","2021-Q3",-1.87351854,
"AUS","QGDP","TOT","PC_CHGPP","Q","2021-Q4",3.426812884,
"ISL","QGDP","TOT","PC_CHGPP","Q","2016-Q3",1.748545381,
"ISL","QGDP","TOT","PC_CHGPP","Q","2016-Q4",3.35360222,
"ISL","QGDP","TOT","PC_CHGPP","Q","2017-Q1",-3.947104116,
"ISL","QGDP","TOT","PC_CHGPP","Q","2017-Q2",3.529965458,
"ISL","QGDP","TOT","PC_CHGPP","Q","2017-Q3",-0.399256865,
"ISL","QGDP","TOT","PC_CHGPP","Q","2017-Q4",3.148213956,
"ISL","QGDP","TOT","PC_CHGPP","Q","2018-Q1",0.571664577,
"ISL","QGDP","TOT","PC_CHGPP","Q","2018-Q2",1.921625026,
"ISL","QGDP","TOT","PC_CHGPP","Q","2018-Q3",-1.042628206,
"ISL","QGDP","TOT","PC_CHGPP","Q","2018-Q4",1.319425407,
"ISL","QGDP","TOT","PC_CHGPP","Q","2019-Q1",1.897357617,
"ISL","QGDP","TOT","PC_CHGPP","Q","2019-Q2",-0.410655016,
"ISL","QGDP","TOT","PC_CHGPP","Q","2019-Q3",-1.948431564,
"ISL","QGDP","TOT","PC_CHGPP","Q","2019-Q4",3.531721291,
"ISL","QGDP","TOT","PC_CHGPP","Q","2020-Q1",-5.100496567,
"ISL","QGDP","TOT","PC_CHGPP","Q","2020-Q2",-7.440976211,
"ISL","QGDP","TOT","PC_CHGPP","Q","2020-Q3",1.748643172,
"ISL","QGDP","TOT","PC_CHGPP","Q","2020-Q4",5.220155762,
"ISL","QGDP","TOT","PC_CHGPP","Q","2021-Q1",-2.050575068,
"ISL","QGDP","TOT","PC_CHGPP","Q","2021-Q2",4.899376219,
"ISL","QGDP","TOT","PC_CHGPP","Q","2021-Q3",-1.055514349,
"ISL","QGDP","TOT","PC_CHGPP","Q","2021-Q4",2.226395248,
"GBR","QGDP","TOT","PC_CHGPP","Q","2016-Q3",0.445252857,
"GBR","QGDP","TOT","PC_CHGPP","Q","2016-Q4",0.73929692,
"GBR","QGDP","TOT","PC_CHGPP","Q","2017-Q1",0.649836103,
"GBR","QGDP","TOT","PC_CHGPP","Q","2017-Q2",0.310747896,
"GBR","QGDP","TOT","PC_CHGPP","Q","2017-Q3",0.428297394,
"GBR","QGDP","TOT","PC_CHGPP","Q","2017-Q4",0.402869485,
"GBR","QGDP","TOT","PC_CHGPP","Q","2018-Q1",0.236706446,
"GBR","QGDP","TOT","PC_CHGPP","Q","2018-Q2",0.54664776,
"GBR","QGDP","TOT","PC_CHGPP","Q","2018-Q3",0.631727016,
"GBR","QGDP","TOT","PC_CHGPP","Q","2018-Q4",0.335440843,
"GBR","QGDP","TOT","PC_CHGPP","Q","2019-Q1",0.641957711,
"GBR","QGDP","TOT","PC_CHGPP","Q","2019-Q2",0.13273242,
"GBR","QGDP","TOT","PC_CHGPP","Q","2019-Q3",0.45897235,
"GBR","QGDP","TOT","PC_CHGPP","Q","2019-Q4",-0.044750089,
"GBR","QGDP","TOT","PC_CHGPP","Q","2020-Q1",-2.525884387,
"GBR","QGDP","TOT","PC_CHGPP","Q","2020-Q2",-19.428322456,
"GBR","QGDP","TOT","PC_CHGPP","Q","2020-Q3",17.595765822,
"GBR","QGDP","TOT","PC_CHGPP","Q","2020-Q4",1.482439501,
"GBR","QGDP","TOT","PC_CHGPP","Q","2021-Q1",-1.171912613,
"GBR","QGDP","TOT","PC_CHGPP","Q","2021-Q2",5.555746599,
"GBR","QGDP","TOT","PC_CHGPP","Q","2021-Q3",0.937339938,
"GBR","QGDP","TOT","PC_CHGPP","Q","2021-Q4",1.275237583,
"EST","QGDP","TOT","PC_CHGPP","Q","2016-Q3",1.114914788,
"EST","QGDP","TOT","PC_CHGPP","Q","2016-Q4",1.198228482,
"EST","QGDP","TOT","PC_CHGPP","Q","2017-Q1",1.972456126,
"EST","QGDP","TOT","PC_CHGPP","Q","2017-Q2",1.898643348,
"EST","QGDP","TOT","PC_CHGPP","Q","2017-Q3",0.358932893,
"EST","QGDP","TOT","PC_CHGPP","Q","2017-Q4",1.445377341,
"EST","QGDP","TOT","PC_CHGPP","Q","2018-Q1",1.061718949,
"EST","QGDP","TOT","PC_CHGPP","Q","2018-Q2",0.775125024,
"EST","QGDP","TOT","PC_CHGPP","Q","2018-Q3",0.684922879,
"EST","QGDP","TOT","PC_CHGPP","Q","2018-Q4",1.376514424,
"EST","QGDP","TOT","PC_CHGPP","Q","2019-Q1",1.637376482,
"EST","QGDP","TOT","PC_CHGPP","Q","2019-Q2",0.426116907,
"EST","QGDP","TOT","PC_CHGPP","Q","2019-Q3",0.696689921,
"EST","QGDP","TOT","PC_CHGPP","Q","2019-Q4",0.365134952,
"EST","QGDP","TOT","PC_CHGPP","Q","2020-Q1",-1.207322332,
"EST","QGDP","TOT","PC_CHGPP","Q","2020-Q2",-5.811153699,
"EST","QGDP","TOT","PC_CHGPP","Q","2020-Q3",3.619102709,
"EST","QGDP","TOT","PC_CHGPP","Q","2020-Q4",2.196789738,
"EST","QGDP","TOT","PC_CHGPP","Q","2021-Q1",3.330827646,
"EST","QGDP","TOT","PC_CHGPP","Q","2021-Q2",2.419040632,
"EST","QGDP","TOT","PC_CHGPP","Q","2021-Q3",1.025203826,
"EST","QGDP","TOT","PC_CHGPP","Q","2021-Q4",1.766512983,
"DNK","QGDP","TOT","PC_CHGPP","Q","2016-Q3",0.848381829,
"DNK","QGDP","TOT","PC_CHGPP","Q","2016-Q4",0.720496974,
"DNK","QGDP","TOT","PC_CHGPP","Q","2017-Q1",0.654390627,
"DNK","QGDP","TOT","PC_CHGPP","Q","2017-Q2",1.117777678,
"DNK","QGDP","TOT","PC_CHGPP","Q","2017-Q3",-0.366774101,
"DNK","QGDP","TOT","PC_CHGPP","Q","2017-Q4",0.75496245,
"DNK","QGDP","TOT","PC_CHGPP","Q","2018-Q1",0.512055136,
"DNK","QGDP","TOT","PC_CHGPP","Q","2018-Q2",0.502598831,
"DNK","QGDP","TOT","PC_CHGPP","Q","2018-Q3",0.602133078,
"DNK","QGDP","TOT","PC_CHGPP","Q","2018-Q4",0.499343436,
"DNK","QGDP","TOT","PC_CHGPP","Q","2019-Q1",0.622473237,
"DNK","QGDP","TOT","PC_CHGPP","Q","2019-Q2",0.796147943,
"DNK","QGDP","TOT","PC_CHGPP","Q","2019-Q3",0.389960487,
"DNK","QGDP","TOT","PC_CHGPP","Q","2019-Q4",-0.46067218,
"DNK","QGDP","TOT","PC_CHGPP","Q","2020-Q1",-0.521373485,
"DNK","QGDP","TOT","PC_CHGPP","Q","2020-Q2",-5.992876481,
"DNK","QGDP","TOT","PC_CHGPP","Q","2020-Q3",6.126802553,
"DNK","QGDP","TOT","PC_CHGPP","Q","2020-Q4",0.084548227,
"DNK","QGDP","TOT","PC_CHGPP","Q","2021-Q1",-0.065582661,
"DNK","QGDP","TOT","PC_CHGPP","Q","2021-Q2",2.310805805,
"DNK","QGDP","TOT","PC_CHGPP","Q","2021-Q3",1.443430919,
"DNK","QGDP","TOT","PC_CHGPP","Q","2021-Q4",2.98575435,
"ESP","QGDP","TOT","PC_CHGPP","Q","2016-Q3",0.88706963,
"ESP","QGDP","TOT","PC_CHGPP","Q","2016-Q4",0.464567325,
"ESP","QGDP","TOT","PC_CHGPP","Q","2017-Q1",0.793789658,
"ESP","QGDP","TOT","PC_CHGPP","Q","2017-Q2",1.073786986,
"ESP","QGDP","TOT","PC_CHGPP","Q","2017-Q3",0.577280996,
"ESP","QGDP","TOT","PC_CHGPP","Q","2017-Q4",0.62554452,
"ESP","QGDP","TOT","PC_CHGPP","Q","2018-Q1",0.377842041,
"ESP","QGDP","TOT","PC_CHGPP","Q","2018-Q2",0.586193572,
"ESP","QGDP","TOT","PC_CHGPP","Q","2018-Q3",0.51760509,
"ESP","QGDP","TOT","PC_CHGPP","Q","2018-Q4",0.674983961,
"ESP","QGDP","TOT","PC_CHGPP","Q","2019-Q1",0.601311089,"P"
"ESP","QGDP","TOT","PC_CHGPP","Q","2019-Q2",0.365570965,"P"
"ESP","QGDP","TOT","PC_CHGPP","Q","2019-Q3",0.37901041,"P"
"ESP","QGDP","TOT","PC_CHGPP","Q","2019-Q4",0.376576034,"P"
"ESP","QGDP","TOT","PC_CHGPP","Q","2020-Q1",-5.391222646,"P"
"ESP","QGDP","TOT","PC_CHGPP","Q","2020-Q2",-17.652092761,"P"
"ESP","QGDP","TOT","PC_CHGPP","Q","2020-Q3",16.798457005,"P"
"ESP","QGDP","TOT","PC_CHGPP","Q","2020-Q4",0.222620107,"P"
"ESP","QGDP","TOT","PC_CHGPP","Q","2021-Q1",-0.502705329,"P"
"ESP","QGDP","TOT","PC_CHGPP","Q","2021-Q2",1.128356521,"P"
"ESP","QGDP","TOT","PC_CHGPP","Q","2021-Q3",2.605876202,"P"
"ESP","QGDP","TOT","PC_CHGPP","Q","2021-Q4",2.222277268,"P"
"ESP","QGDP","TOT","PC_CHGPP","Q","2022-Q1",0.322286957,"P"
"JPN","QGDP","TOT","PC_CHGPP","Q","2016-Q3",0.174869375,
"JPN","QGDP","TOT","PC_CHGPP","Q","2016-Q4",0.157757108,
"JPN","QGDP","TOT","PC_CHGPP","Q","2017-Q1",0.80196592,
"JPN","QGDP","TOT","PC_CHGPP","Q","2017-Q2",0.421529893,
"JPN","QGDP","TOT","PC_CHGPP","Q","2017-Q3",0.758509439,
"JPN","QGDP","TOT","PC_CHGPP","Q","2017-Q4",0.106028337,
"JPN","QGDP","TOT","PC_CHGPP","Q","2018-Q1",0.127005432,
"JPN","QGDP","TOT","PC_CHGPP","Q","2018-Q2",0.390262535,
"JPN","QGDP","TOT","PC_CHGPP","Q","2018-Q3",-0.726160628,
"JPN","QGDP","TOT","PC_CHGPP","Q","2018-Q4",-0.190352737,
"JPN","QGDP","TOT","PC_CHGPP","Q","2019-Q1",0.470150872,
"JPN","QGDP","TOT","PC_CHGPP","Q","2019-Q2",0.511327651,
"JPN","QGDP","TOT","PC_CHGPP","Q","2019-Q3",0.011963913,
"JPN","QGDP","TOT","PC_CHGPP","Q","2019-Q4",-2.736431192,
"JPN","QGDP","TOT","PC_CHGPP","Q","2020-Q1",0.432734319,
"JPN","QGDP","TOT","PC_CHGPP","Q","2020-Q2",-7.948985956,
"JPN","QGDP","TOT","PC_CHGPP","Q","2020-Q3",5.302886908,
"JPN","QGDP","TOT","PC_CHGPP","Q","2020-Q4",1.862726046,
"JPN","QGDP","TOT","PC_CHGPP","Q","2021-Q1",-0.543704831,
"JPN","QGDP","TOT","PC_CHGPP","Q","2021-Q2",0.58416304,
"JPN","QGDP","TOT","PC_CHGPP","Q","2021-Q3",-0.709285244,
"JPN","QGDP","TOT","PC_CHGPP","Q","2021-Q4",1.129626842,
"OECD","QGDP","TOT","PC_CHGPP","Q","2016-Q3",0.394245671,
"OECD","QGDP","TOT","PC_CHGPP","Q","2016-Q4",0.810028519,
"OECD","QGDP","TOT","PC_CHGPP","Q","2017-Q1",0.649223459,
"OECD","QGDP","TOT","PC_CHGPP","Q","2017-Q2",0.726767597,
"OECD","QGDP","TOT","PC_CHGPP","Q","2017-Q3",0.724959828,
"OECD","QGDP","TOT","PC_CHGPP","Q","2017-Q4",0.793579827,
"OECD","QGDP","TOT","PC_CHGPP","Q","2018-Q1",0.576961088,
"OECD","QGDP","TOT","PC_CHGPP","Q","2018-Q2",0.647213219,
"OECD","QGDP","TOT","PC_CHGPP","Q","2018-Q3",0.205644836,
"OECD","QGDP","TOT","PC_CHGPP","Q","2018-Q4",0.201109692,
"OECD","QGDP","TOT","PC_CHGPP","Q","2019-Q1",0.635185918,
"OECD","QGDP","TOT","PC_CHGPP","Q","2019-Q2",0.597158067,
"OECD","QGDP","TOT","PC_CHGPP","Q","2019-Q3",0.435079179,
"OECD","QGDP","TOT","PC_CHGPP","Q","2019-Q4",0.000906058,
"OECD","QGDP","TOT","PC_CHGPP","Q","2020-Q1",-1.708489751,
"OECD","QGDP","TOT","PC_CHGPP","Q","2020-Q2",-10.440906764,
"OECD","QGDP","TOT","PC_CHGPP","Q","2020-Q3",9.430100766,
"OECD","QGDP","TOT","PC_CHGPP","Q","2020-Q4",1.050940142,
"OECD","QGDP","TOT","PC_CHGPP","Q","2021-Q1",0.766294709,
"OECD","QGDP","TOT","PC_CHGPP","Q","2021-Q2",1.698482404,
"OECD","QGDP","TOT","PC_CHGPP","Q","2021-Q3",1.098070991,
"OECD","QGDP","TOT","PC_CHGPP","Q","2021-Q4",1.244129074,
"NOR","QGDP","TOT","PC_CHGPP","Q","2016-Q3",-0.307073287,
"NOR","QGDP","TOT","PC_CHGPP","Q","2016-Q4",1.339357449,
"NOR","QGDP","TOT","PC_CHGPP","Q","2017-Q1",0.994622904,
"NOR","QGDP","TOT","PC_CHGPP","Q","2017-Q2",0.963470989,
"NOR","QGDP","TOT","PC_CHGPP","Q","2017-Q3",0.685236151,
"NOR","QGDP","TOT","PC_CHGPP","Q","2017-Q4",-0.569736833,
"NOR","QGDP","TOT","PC_CHGPP","Q","2018-Q1",0.778925608,
"NOR","QGDP","TOT","PC_CHGPP","Q","2018-Q2",0.300775738,
"NOR","QGDP","TOT","PC_CHGPP","Q","2018-Q3",0.630028733,
"NOR","QGDP","TOT","PC_CHGPP","Q","2018-Q4",0.033684589,
"NOR","QGDP","TOT","PC_CHGPP","Q","2019-Q1",-0.275671641,
"NOR","QGDP","TOT","PC_CHGPP","Q","2019-Q2",0.171420403,
"NOR","QGDP","TOT","PC_CHGPP","Q","2019-Q3",0.22067862,
"NOR","QGDP","TOT","PC_CHGPP","Q","2019-Q4",1.435512912,
"NOR","QGDP","TOT","PC_CHGPP","Q","2020-Q1",-1.325670075,
"NOR","QGDP","TOT","PC_CHGPP","Q","2020-Q2",-4.658495714,
"NOR","QGDP","TOT","PC_CHGPP","Q","2020-Q3",4.487368519,
"NOR","QGDP","TOT","PC_CHGPP","Q","2020-Q4",0.632925625,
"NOR","QGDP","TOT","PC_CHGPP","Q","2021-Q1",-0.036871879,
"NOR","QGDP","TOT","PC_CHGPP","Q","2021-Q2",0.808127324,
"NOR","QGDP","TOT","PC_CHGPP","Q","2021-Q3",3.929521417,
"NOR","QGDP","TOT","PC_CHGPP","Q","2021-Q4",0.069559206,
"HUN","QGDP","TOT","PC_CHGPP","Q","2016-Q3",0.510882621,
"HUN","QGDP","TOT","PC_CHGPP","Q","2016-Q4",0.86946398,
"HUN","QGDP","TOT","PC_CHGPP","Q","2017-Q1",1.425287809,
"HUN","QGDP","TOT","PC_CHGPP","Q","2017-Q2",1.219942896,
"HUN","QGDP","TOT","PC_CHGPP","Q","2017-Q3",0.887893191,
"HUN","QGDP","TOT","PC_CHGPP","Q","2017-Q4",1.439439703,
"HUN","QGDP","TOT","PC_CHGPP","Q","2018-Q1",1.803748338,
"HUN","QGDP","TOT","PC_CHGPP","Q","2018-Q2",0.947287875,
"HUN","QGDP","TOT","PC_CHGPP","Q","2018-Q3",1.407182729,
"HUN","QGDP","TOT","PC_CHGPP","Q","2018-Q4",1.002086421,
"HUN","QGDP","TOT","PC_CHGPP","Q","2019-Q1",1.734258712,
"HUN","QGDP","TOT","PC_CHGPP","Q","2019-Q2",0.442306924,
"HUN","QGDP","TOT","PC_CHGPP","Q","2019-Q3",1.184707122,
"HUN","QGDP","TOT","PC_CHGPP","Q","2019-Q4",0.538069183,
"HUN","QGDP","TOT","PC_CHGPP","Q","2020-Q1",-0.362555795,
"HUN","QGDP","TOT","PC_CHGPP","Q","2020-Q2",-14.20531889,
"HUN","QGDP","TOT","PC_CHGPP","Q","2020-Q3",11.468439462,
"HUN","QGDP","TOT","PC_CHGPP","Q","2020-Q4",1.510704888,
"HUN","QGDP","TOT","PC_CHGPP","Q","2021-Q1",1.67929683,
"HUN","QGDP","TOT","PC_CHGPP","Q","2021-Q2",2.232945995,
"HUN","QGDP","TOT","PC_CHGPP","Q","2021-Q3",0.938295901,
"HUN","QGDP","TOT","PC_CHGPP","Q","2021-Q4",2.004177619,
"CAN","QGDP","TOT","PC_CHGPP","Q","2016-Q3",1.031213682,
"CAN","QGDP","TOT","PC_CHGPP","Q","2016-Q4",0.561483087,
"CAN","QGDP","TOT","PC_CHGPP","Q","2017-Q1",1.08691958,
"CAN","QGDP","TOT","PC_CHGPP","Q","2017-Q2",1.023044213,
"CAN","QGDP","TOT","PC_CHGPP","Q","2017-Q3",0.421873021,
"CAN","QGDP","TOT","PC_CHGPP","Q","2017-Q4",0.517990679,
"CAN","QGDP","TOT","PC_CHGPP","Q","2018-Q1",0.875239281,
"CAN","QGDP","TOT","PC_CHGPP","Q","2018-Q2",0.785105341,
"CAN","QGDP","TOT","PC_CHGPP","Q","2018-Q3",0.690122507,
"CAN","QGDP","TOT","PC_CHGPP","Q","2018-Q4",0.340869542,
"CAN","QGDP","TOT","PC_CHGPP","Q","2019-Q1",0.090640853,
"CAN","QGDP","TOT","PC_CHGPP","Q","2019-Q2",0.990737829,
"CAN","QGDP","TOT","PC_CHGPP","Q","2019-Q3",0.326642811,
"CAN","QGDP","TOT","PC_CHGPP","Q","2019-Q4",0.300683754,
"CAN","QGDP","TOT","PC_CHGPP","Q","2020-Q1",-2.157302609,
"CAN","QGDP","TOT","PC_CHGPP","Q","2020-Q2",-11.042537245,
"CAN","QGDP","TOT","PC_CHGPP","Q","2020-Q3",8.983958377,
"CAN","QGDP","TOT","PC_CHGPP","Q","2020-Q4",2.192421261,
"CAN","QGDP","TOT","PC_CHGPP","Q","2021-Q1",1.172780872,
"CAN","QGDP","TOT","PC_CHGPP","Q","2021-Q2",-0.901349118,
"CAN","QGDP","TOT","PC_CHGPP","Q","2021-Q3",1.34544577,
"CAN","QGDP","TOT","PC_CHGPP","Q","2021-Q4",1.627299148,
"CAN","QGDP","TOT","PC_CHGPP","Q","2022-Q1",1.400004705,
"ARG","QGDP","TOT","PC_CHGPP","Q","2016-Q3",0.262409492,
"ARG","QGDP","TOT","PC_CHGPP","Q","2016-Q4",0.626219211,
"ARG","QGDP","TOT","PC_CHGPP","Q","2017-Q1",0.944697329,
"ARG","QGDP","TOT","PC_CHGPP","Q","2017-Q2",1.085411108,
"ARG","QGDP","TOT","PC_CHGPP","Q","2017-Q3",1.118435291,
"ARG","QGDP","TOT","PC_CHGPP","Q","2017-Q4",1.060900629,
"ARG","QGDP","TOT","PC_CHGPP","Q","2018-Q1",-0.274532659,
"ARG","QGDP","TOT","PC_CHGPP","Q","2018-Q2",-4.561699788,
"ARG","QGDP","TOT","PC_CHGPP","Q","2018-Q3",-0.326493187,
"ARG","QGDP","TOT","PC_CHGPP","Q","2018-Q4",-1.395812395,
"ARG","QGDP","TOT","PC_CHGPP","Q","2019-Q1",0.168677719,
"ARG","QGDP","TOT","PC_CHGPP","Q","2019-Q2",0.735341862,
"ARG","QGDP","TOT","PC_CHGPP","Q","2019-Q3",0.160247942,
"ARG","QGDP","TOT","PC_CHGPP","Q","2019-Q4",-1.716907361,
"ARG","QGDP","TOT","PC_CHGPP","Q","2020-Q1",-4.089572327,
"ARG","QGDP","TOT","PC_CHGPP","Q","2020-Q2",-14.91395574,
"ARG","QGDP","TOT","PC_CHGPP","Q","2020-Q3",11.875660402,
"ARG","QGDP","TOT","PC_CHGPP","Q","2020-Q4",4.455026377,
"ARG","QGDP","TOT","PC_CHGPP","Q","2021-Q1",3.216986453,
"ARG","QGDP","TOT","PC_CHGPP","Q","2021-Q2",-0.562246523,
"ARG","QGDP","TOT","PC_CHGPP","Q","2021-Q3",4.039905962,
"ARG","QGDP","TOT","PC_CHGPP","Q","2021-Q4",1.549841884,
"SVN","QGDP","TOT","PC_CHGPP","Q","2016-Q3",0.880361886,
"SVN","QGDP","TOT","PC_CHGPP","Q","2016-Q4",0.793472309,
"SVN","QGDP","TOT","PC_CHGPP","Q","2017-Q1",1.786872796,
"SVN","QGDP","TOT","PC_CHGPP","Q","2017-Q2",1.218350846,
"SVN","QGDP","TOT","PC_CHGPP","Q","2017-Q3",0.797319215,
"SVN","QGDP","TOT","PC_CHGPP","Q","2017-Q4",2.278880381,
"SVN","QGDP","TOT","PC_CHGPP","Q","2018-Q1",0.215973335,
"SVN","QGDP","TOT","PC_CHGPP","Q","2018-Q2",1.24690995,
"SVN","QGDP","TOT","PC_CHGPP","Q","2018-Q3",1.143083971,
"SVN","QGDP","TOT","PC_CHGPP","Q","2018-Q4",1.346662467,
"SVN","QGDP","TOT","PC_CHGPP","Q","2019-Q1",0.559105314,
"SVN","QGDP","TOT","PC_CHGPP","Q","2019-Q2",-0.287229347,
"SVN","QGDP","TOT","PC_CHGPP","Q","2019-Q3",1.246000641,
"SVN","QGDP","TOT","PC_CHGPP","Q","2019-Q4",1.395754263,
"SVN","QGDP","TOT","PC_CHGPP","Q","2020-Q1",-4.602696423,
"SVN","QGDP","TOT","PC_CHGPP","Q","2020-Q2",-9.435635201,
"SVN","QGDP","TOT","PC_CHGPP","Q","2020-Q3",11.826121083,
"SVN","QGDP","TOT","PC_CHGPP","Q","2020-Q4",-0.18371729,
"SVN","QGDP","TOT","PC_CHGPP","Q","2021-Q1",1.463170565,
"SVN","QGDP","TOT","PC_CHGPP","Q","2021-Q2",1.995582002,
"SVN","QGDP","TOT","PC_CHGPP","Q","2021-Q3",1.347563298,
"SVN","QGDP","TOT","PC_CHGPP","Q","2021-Q4",5.366343876,
"FIN","QGDP","TOT","PC_CHGPP","Q","2016-Q3",1.129504129,
"FIN","QGDP","TOT","PC_CHGPP","Q","2016-Q4",0.307602168,
"FIN","QGDP","TOT","PC_CHGPP","Q","2017-Q1",1.020370911,
"FIN","QGDP","TOT","PC_CHGPP","Q","2017-Q2",1.273873841,
"FIN","QGDP","TOT","PC_CHGPP","Q","2017-Q3",0.372894662,
"FIN","QGDP","TOT","PC_CHGPP","Q","2017-Q4",0.647030592,
"FIN","QGDP","TOT","PC_CHGPP","Q","2018-Q1",0.25785486,
"FIN","QGDP","TOT","PC_CHGPP","Q","2018-Q2",-0.007046347,
"FIN","QGDP","TOT","PC_CHGPP","Q","2018-Q3",-0.192026496,
"FIN","QGDP","TOT","PC_CHGPP","Q","2018-Q4",-0.017651004,
"FIN","QGDP","TOT","PC_CHGPP","Q","2019-Q1",0.736176824,
"FIN","QGDP","TOT","PC_CHGPP","Q","2019-Q2",0.916562976,
"FIN","QGDP","TOT","PC_CHGPP","Q","2019-Q3",-0.065990553,
"FIN","QGDP","TOT","PC_CHGPP","Q","2019-Q4",-0.246759114,
"FIN","QGDP","TOT","PC_CHGPP","Q","2020-Q1",-0.270016027,
"FIN","QGDP","TOT","PC_CHGPP","Q","2020-Q2",-6.162553058,
"FIN","QGDP","TOT","PC_CHGPP","Q","2020-Q3",5.011075743,
"FIN","QGDP","TOT","PC_CHGPP","Q","2020-Q4",0.925318632,
"FIN","QGDP","TOT","PC_CHGPP","Q","2021-Q1",-0.124703609,
"FIN","QGDP","TOT","PC_CHGPP","Q","2021-Q2",1.813097918,
"FIN","QGDP","TOT","PC_CHGPP","Q","2021-Q3",0.994904569,
"FIN","QGDP","TOT","PC_CHGPP","Q","2021-Q4",0.704622804,
"BRA","QGDP","TOT","PC_CHGPP","Q","2016-Q3",-0.656022492,
"BRA","QGDP","TOT","PC_CHGPP","Q","2016-Q4",-0.165488062,
"BRA","QGDP","TOT","PC_CHGPP","Q","2017-Q1",1.122908561,
"BRA","QGDP","TOT","PC_CHGPP","Q","2017-Q2",0.729828007,
"BRA","QGDP","TOT","PC_CHGPP","Q","2017-Q3",0.292021237,
"BRA","QGDP","TOT","PC_CHGPP","Q","2017-Q4",0.441378989,
"BRA","QGDP","TOT","PC_CHGPP","Q","2018-Q1",0.526436751,
"BRA","QGDP","TOT","PC_CHGPP","Q","2018-Q2",0.196884725,
"BRA","QGDP","TOT","PC_CHGPP","Q","2018-Q3",0.858704929,
"BRA","QGDP","TOT","PC_CHGPP","Q","2018-Q4",-0.379021655,
"BRA","QGDP","TOT","PC_CHGPP","Q","2019-Q1",0.521661883,
"BRA","QGDP","TOT","PC_CHGPP","Q","2019-Q2",0.575294075,
"BRA","QGDP","TOT","PC_CHGPP","Q","2019-Q3",-0.005114589,
"BRA","QGDP","TOT","PC_CHGPP","Q","2019-Q4",0.280390505,
"BRA","QGDP","TOT","PC_CHGPP","Q","2020-Q1",-2.220685609,
"BRA","QGDP","TOT","PC_CHGPP","Q","2020-Q2",-8.861983915,
"BRA","QGDP","TOT","PC_CHGPP","Q","2020-Q3",7.802520923,
"BRA","QGDP","TOT","PC_CHGPP","Q","2020-Q4",3.007517211,
"BRA","QGDP","TOT","PC_CHGPP","Q","2021-Q1",1.41943789,
"BRA","QGDP","TOT","PC_CHGPP","Q","2021-Q2",-0.33814568,
"BRA","QGDP","TOT","PC_CHGPP","Q","2021-Q3",-0.061936185,
"BRA","QGDP","TOT","PC_CHGPP","Q","2021-Q4",0.544195167,
"NLD","QGDP","TOT","PC_CHGPP","Q","2016-Q3",1.117384561,
"NLD","QGDP","TOT","PC_CHGPP","Q","2016-Q4",0.837419365,
"NLD","QGDP","TOT","PC_CHGPP","Q","2017-Q1",0.517378019,
"NLD","QGDP","TOT","PC_CHGPP","Q","2017-Q2",0.879067573,
"NLD","QGDP","TOT","PC_CHGPP","Q","2017-Q3",0.727407217,
"NLD","QGDP","TOT","PC_CHGPP","Q","2017-Q4",0.781731938,
"NLD","QGDP","TOT","PC_CHGPP","Q","2018-Q1",0.398971748,
"NLD","QGDP","TOT","PC_CHGPP","Q","2018-Q2",0.626005158,
"NLD","QGDP","TOT","PC_CHGPP","Q","2018-Q3",0.287020645,
"NLD","QGDP","TOT","PC_CHGPP","Q","2018-Q4",0.483386704,
"NLD","QGDP","TOT","PC_CHGPP","Q","2019-Q1",0.610960228,"P"
"NLD","QGDP","TOT","PC_CHGPP","Q","2019-Q2",0.417040291,"P"
"NLD","QGDP","TOT","PC_CHGPP","Q","2019-Q3",0.36447798,"P"
"NLD","QGDP","TOT","PC_CHGPP","Q","2019-Q4",0.504342086,"P"
"NLD","QGDP","TOT","PC_CHGPP","Q","2020-Q1",-1.643390807,"P"
"NLD","QGDP","TOT","PC_CHGPP","Q","2020-Q2",-8.375905344,"P"
"NLD","QGDP","TOT","PC_CHGPP","Q","2020-Q3",7.505689788,"P"
"NLD","QGDP","TOT","PC_CHGPP","Q","2020-Q4",0.000280038,"P"
"NLD","QGDP","TOT","PC_CHGPP","Q","2021-Q1",-0.516246229,"P"
"NLD","QGDP","TOT","PC_CHGPP","Q","2021-Q2",3.753976039,"P"
"NLD","QGDP","TOT","PC_CHGPP","Q","2021-Q3",2.034612473,"P"
"NLD","QGDP","TOT","PC_CHGPP","Q","2021-Q4",1.008772195,"P"
"USA","QGDP","TOT","PC_CHGPP","Q","2016-Q3",0.601115379,
"USA","QGDP","TOT","PC_CHGPP","Q","2016-Q4",0.496888796,
"USA","QGDP","TOT","PC_CHGPP","Q","2017-Q1",0.471931042,
"USA","QGDP","TOT","PC_CHGPP","Q","2017-Q2",0.559764823,
"USA","QGDP","TOT","PC_CHGPP","Q","2017-Q3",0.719149991,
"USA","QGDP","TOT","PC_CHGPP","Q","2017-Q4",0.940399838,
"USA","QGDP","TOT","PC_CHGPP","Q","2018-Q1",0.762854036,
"USA","QGDP","TOT","PC_CHGPP","Q","2018-Q2",0.833910909,
"USA","QGDP","TOT","PC_CHGPP","Q","2018-Q3",0.481952559,
"USA","QGDP","TOT","PC_CHGPP","Q","2018-Q4",0.223141835,
"USA","QGDP","TOT","PC_CHGPP","Q","2019-Q1",0.59779029,
"USA","QGDP","TOT","PC_CHGPP","Q","2019-Q2",0.792924408,
"USA","QGDP","TOT","PC_CHGPP","Q","2019-Q3",0.685498791,
"USA","QGDP","TOT","PC_CHGPP","Q","2019-Q4",0.469097618,
"USA","QGDP","TOT","PC_CHGPP","Q","2020-Q1",-1.303582746,
"USA","QGDP","TOT","PC_CHGPP","Q","2020-Q2",-8.937250501,
"USA","QGDP","TOT","PC_CHGPP","Q","2020-Q3",7.547534636,
"USA","QGDP","TOT","PC_CHGPP","Q","2020-Q4",1.115276766,
"USA","QGDP","TOT","PC_CHGPP","Q","2021-Q1",1.533889627,
"USA","QGDP","TOT","PC_CHGPP","Q","2021-Q2",1.64074654,
"USA","QGDP","TOT","PC_CHGPP","Q","2021-Q3",0.570948111,
"USA","QGDP","TOT","PC_CHGPP","Q","2021-Q4",1.680778266,
"USA","QGDP","TOT","PC_CHGPP","Q","2022-Q1",-0.355417395,
"SVK","QGDP","TOT","PC_CHGPP","Q","2016-Q3",0.370631134,
"SVK","QGDP","TOT","PC_CHGPP","Q","2016-Q4",0.611473712,
"SVK","QGDP","TOT","PC_CHGPP","Q","2017-Q1",0.846217752,
"SVK","QGDP","TOT","PC_CHGPP","Q","2017-Q2",0.9359927,
"SVK","QGDP","TOT","PC_CHGPP","Q","2017-Q3",0.8106957,
"SVK","QGDP","TOT","PC_CHGPP","Q","2017-Q4",1.139442187,
"SVK","QGDP","TOT","PC_CHGPP","Q","2018-Q1",0.773052322,
"SVK","QGDP","TOT","PC_CHGPP","Q","2018-Q2",1.138892747,
"SVK","QGDP","TOT","PC_CHGPP","Q","2018-Q3",0.979439892,
"SVK","QGDP","TOT","PC_CHGPP","Q","2018-Q4",0.527795701,
"SVK","QGDP","TOT","PC_CHGPP","Q","2019-Q1",0.906687126,
"SVK","QGDP","TOT","PC_CHGPP","Q","2019-Q2",0.346058094,
"SVK","QGDP","TOT","PC_CHGPP","Q","2019-Q3",0.240924958,
"SVK","QGDP","TOT","PC_CHGPP","Q","2019-Q4",0.517209583,
"SVK","QGDP","TOT","PC_CHGPP","Q","2020-Q1",-3.861088897,
"SVK","QGDP","TOT","PC_CHGPP","Q","2020-Q2",-7.226529717,
"SVK","QGDP","TOT","PC_CHGPP","Q","2020-Q3",9.067488675,
"SVK","QGDP","TOT","PC_CHGPP","Q","2020-Q4",0.427573081,
"SVK","QGDP","TOT","PC_CHGPP","Q","2021-Q1",-1.384249207,
"SVK","QGDP","TOT","PC_CHGPP","Q","2021-Q2",1.861192167,
"SVK","QGDP","TOT","PC_CHGPP","Q","2021-Q3",0.35613661,
"SVK","QGDP","TOT","PC_CHGPP","Q","2021-Q4",0.348107275,
"MEX","QGDP","TOT","PC_CHGPP","Q","2016-Q3",1.07330536,
"MEX","QGDP","TOT","PC_CHGPP","Q","2016-Q4",1.025028613,
"MEX","QGDP","TOT","PC_CHGPP","Q","2017-Q1",0.477197928,
"MEX","QGDP","TOT","PC_CHGPP","Q","2017-Q2",0.319288258,
"MEX","QGDP","TOT","PC_CHGPP","Q","2017-Q3",-0.237211974,
"MEX","QGDP","TOT","PC_CHGPP","Q","2017-Q4",1.256541272,
"MEX","QGDP","TOT","PC_CHGPP","Q","2018-Q1",1.120304779,"P"
"MEX","QGDP","TOT","PC_CHGPP","Q","2018-Q2",-0.009952941,"P"
"MEX","QGDP","TOT","PC_CHGPP","Q","2018-Q3",0.469258111,"P"
"MEX","QGDP","TOT","PC_CHGPP","Q","2018-Q4",-0.307861498,"P"
"MEX","QGDP","TOT","PC_CHGPP","Q","2019-Q1",0.083220111,"P"
"MEX","QGDP","TOT","PC_CHGPP","Q","2019-Q2",-0.386137965,"P"
"MEX","QGDP","TOT","PC_CHGPP","Q","2019-Q3",0.514481043,"P"
"MEX","QGDP","TOT","PC_CHGPP","Q","2019-Q4",-0.909181163,"P"
"MEX","QGDP","TOT","PC_CHGPP","Q","2020-Q1",-0.913194541,"P"
"MEX","QGDP","TOT","PC_CHGPP","Q","2020-Q2",-17.85009951,"P"
"MEX","QGDP","TOT","PC_CHGPP","Q","2020-Q3",13.491967191,"P"
"MEX","QGDP","TOT","PC_CHGPP","Q","2020-Q4",3.476657098,"P"
"MEX","QGDP","TOT","PC_CHGPP","Q","2021-Q1",0.76438718,"P"
"MEX","QGDP","TOT","PC_CHGPP","Q","2021-Q2",1.04286433,"P"
"MEX","QGDP","TOT","PC_CHGPP","Q","2021-Q3",-0.698398303,"P"
"MEX","QGDP","TOT","PC_CHGPP","Q","2021-Q4",0.020623217,"P"
"MEX","QGDP","TOT","PC_CHGPP","Q","2022-Q1",1.237696969,
"BEL","QGDP","TOT","PC_CHGPP","Q","2016-Q3",0.175503505,
"BEL","QGDP","TOT","PC_CHGPP","Q","2016-Q4",0.513277018,
"BEL","QGDP","TOT","PC_CHGPP","Q","2017-Q1",0.651981383,
"BEL","QGDP","TOT","PC_CHGPP","Q","2017-Q2",0.241505195,
"BEL","QGDP","TOT","PC_CHGPP","Q","2017-Q3",-0.06443299,
"BEL","QGDP","TOT","PC_CHGPP","Q","2017-Q4",0.801726796,
"BEL","QGDP","TOT","PC_CHGPP","Q","2018-Q1",0.416214763,
"BEL","QGDP","TOT","PC_CHGPP","Q","2018-Q2",0.468031682,
"BEL","QGDP","TOT","PC_CHGPP","Q","2018-Q3",0.3868312,
"BEL","QGDP","TOT","PC_CHGPP","Q","2018-Q4",0.963809105,
"BEL","QGDP","TOT","PC_CHGPP","Q","2019-Q1",0.244771411,
"BEL","QGDP","TOT","PC_CHGPP","Q","2019-Q2",0.431373613,
"BEL","QGDP","TOT","PC_CHGPP","Q","2019-Q3",0.669944351,
"BEL","QGDP","TOT","PC_CHGPP","Q","2019-Q4",0.639546325,
"BEL","QGDP","TOT","PC_CHGPP","Q","2020-Q1",-3.152524597,"P"
"BEL","QGDP","TOT","PC_CHGPP","Q","2020-Q2",-11.635739588,"P"
"BEL","QGDP","TOT","PC_CHGPP","Q","2020-Q3",11.894648291,"P"
"BEL","QGDP","TOT","PC_CHGPP","Q","2020-Q4",-0.115091888,"P"
"BEL","QGDP","TOT","PC_CHGPP","Q","2021-Q1",1.316718704,"P"
"BEL","QGDP","TOT","PC_CHGPP","Q","2021-Q2",1.711408473,"P"
"BEL","QGDP","TOT","PC_CHGPP","Q","2021-Q3",2.101912551,"P"
"BEL","QGDP","TOT","PC_CHGPP","Q","2021-Q4",0.426565398,"P"
"BEL","QGDP","TOT","PC_CHGPP","Q","2022-Q1",0.333295226,
"ISR","QGDP","TOT","PC_CHGPP","Q","2016-Q3",1.249971468,
"ISR","QGDP","TOT","PC_CHGPP","Q","2016-Q4",1.08339426,
"ISR","QGDP","TOT","PC_CHGPP","Q","2017-Q1",0.150789262,
"ISR","QGDP","TOT","PC_CHGPP","Q","2017-Q2",1.440202827,
"ISR","QGDP","TOT","PC_CHGPP","Q","2017-Q3",1.51233719,
"ISR","QGDP","TOT","PC_CHGPP","Q","2017-Q4",1.416044916,
"ISR","QGDP","TOT","PC_CHGPP","Q","2018-Q1",1.159426213,
"ISR","QGDP","TOT","PC_CHGPP","Q","2018-Q2",0.288675698,
"ISR","QGDP","TOT","PC_CHGPP","Q","2018-Q3",0.850000953,
"ISR","QGDP","TOT","PC_CHGPP","Q","2018-Q4",0.722858281,
"ISR","QGDP","TOT","PC_CHGPP","Q","2019-Q1",1.418521626,
"ISR","QGDP","TOT","PC_CHGPP","Q","2019-Q2",0.37089414,
"ISR","QGDP","TOT","PC_CHGPP","Q","2019-Q3",1.059416202,
"ISR","QGDP","TOT","PC_CHGPP","Q","2019-Q4",1.096246646,
"ISR","QGDP","TOT","PC_CHGPP","Q","2020-Q1",-1.174145035,
"ISR","QGDP","TOT","PC_CHGPP","Q","2020-Q2",-9.048251116,
"ISR","QGDP","TOT","PC_CHGPP","Q","2020-Q3",8.601714019,
"ISR","QGDP","TOT","PC_CHGPP","Q","2020-Q4",2.0665192,
"ISR","QGDP","TOT","PC_CHGPP","Q","2021-Q1",-0.265337252,
"ISR","QGDP","TOT","PC_CHGPP","Q","2021-Q2",3.723730839,
"ISR","QGDP","TOT","PC_CHGPP","Q","2021-Q3",1.709000447,
"ISR","QGDP","TOT","PC_CHGPP","Q","2021-Q4",4.183198309,
"TUR","QGDP","TOT","PC_CHGPP","Q","2016-Q3",-2.867673426,
"TUR","QGDP","TOT","PC_CHGPP","Q","2016-Q4",5.509611596,
"TUR","QGDP","TOT","PC_CHGPP","Q","2017-Q1",1.368865306,
"TUR","QGDP","TOT","PC_CHGPP","Q","2017-Q2",2.28031882,
"TUR","QGDP","TOT","PC_CHGPP","Q","2017-Q3",1.515918521,
"TUR","QGDP","TOT","PC_CHGPP","Q","2017-Q4",1.882761165,
"TUR","QGDP","TOT","PC_CHGPP","Q","2018-Q1",1.468743124,
"TUR","QGDP","TOT","PC_CHGPP","Q","2018-Q2",0.657521797,
"TUR","QGDP","TOT","PC_CHGPP","Q","2018-Q3",-1.627935541,
"TUR","QGDP","TOT","PC_CHGPP","Q","2018-Q4",-3.184115348,
"TUR","QGDP","TOT","PC_CHGPP","Q","2019-Q1",1.901026683,
"TUR","QGDP","TOT","PC_CHGPP","Q","2019-Q2",2.379951147,
"TUR","QGDP","TOT","PC_CHGPP","Q","2019-Q3",0.050625441,
"TUR","QGDP","TOT","PC_CHGPP","Q","2019-Q4",1.364629963,
"TUR","QGDP","TOT","PC_CHGPP","Q","2020-Q1",0.446242923,
"TUR","QGDP","TOT","PC_CHGPP","Q","2020-Q2",-10.769850757,
"TUR","QGDP","TOT","PC_CHGPP","Q","2020-Q3",16.400501819,
"TUR","QGDP","TOT","PC_CHGPP","Q","2020-Q4",1.202524785,
"TUR","QGDP","TOT","PC_CHGPP","Q","2021-Q1",2.204118947,
"TUR","QGDP","TOT","PC_CHGPP","Q","2021-Q2",1.688076645,
"TUR","QGDP","TOT","PC_CHGPP","Q","2021-Q3",2.773953075,
"TUR","QGDP","TOT","PC_CHGPP","Q","2021-Q4",1.510970702,
"IND","QGDP","TOT","PC_CHGPP","Q","2016-Q3",2.29159,
"IND","QGDP","TOT","PC_CHGPP","Q","2016-Q4",1.36396,
"IND","QGDP","TOT","PC_CHGPP","Q","2017-Q1",0.79991,
"IND","QGDP","TOT","PC_CHGPP","Q","2017-Q2",2.059,
"IND","QGDP","TOT","PC_CHGPP","Q","2017-Q3",1.64884,
"IND","QGDP","TOT","PC_CHGPP","Q","2017-Q4",1.87953,
"IND","QGDP","TOT","PC_CHGPP","Q","2018-Q1",2.14027,
"IND","QGDP","TOT","PC_CHGPP","Q","2018-Q2",1.34181,
"IND","QGDP","TOT","PC_CHGPP","Q","2018-Q3",1.36788,
"IND","QGDP","TOT","PC_CHGPP","Q","2018-Q4",1.4523,
"IND","QGDP","TOT","PC_CHGPP","Q","2019-Q1",1.06389,
"IND","QGDP","TOT","PC_CHGPP","Q","2019-Q2",1.07471,
"IND","QGDP","TOT","PC_CHGPP","Q","2019-Q3",0.9937,
"IND","QGDP","TOT","PC_CHGPP","Q","2019-Q4",0.00188,
"IND","QGDP","TOT","PC_CHGPP","Q","2020-Q1",0.05446,
"IND","QGDP","TOT","PC_CHGPP","Q","2020-Q2",-24.16165,
"IND","QGDP","TOT","PC_CHGPP","Q","2020-Q3",24.8159,
"IND","QGDP","TOT","PC_CHGPP","Q","2020-Q4",6.09667,
"IND","QGDP","TOT","PC_CHGPP","Q","2021-Q1",1.18076,
"IND","QGDP","TOT","PC_CHGPP","Q","2021-Q2",-10.50918,
"IND","QGDP","TOT","PC_CHGPP","Q","2021-Q3",13.73106,
"IND","QGDP","TOT","PC_CHGPP","Q","2021-Q4",1.8396,
"LVA","QGDP","TOT","PC_CHGPP","Q","2016-Q3",0.14083302,
"LVA","QGDP","TOT","PC_CHGPP","Q","2016-Q4",1.222068201,
"LVA","QGDP","TOT","PC_CHGPP","Q","2017-Q1",1.586506256,
"LVA","QGDP","TOT","PC_CHGPP","Q","2017-Q2",0.814955334,
"LVA","QGDP","TOT","PC_CHGPP","Q","2017-Q3",0.252432534,
"LVA","QGDP","TOT","PC_CHGPP","Q","2017-Q4",0.717026974,
"LVA","QGDP","TOT","PC_CHGPP","Q","2018-Q1",1.499750775,
"LVA","QGDP","TOT","PC_CHGPP","Q","2018-Q2",1.343065671,
"LVA","QGDP","TOT","PC_CHGPP","Q","2018-Q3",1.003404368,
"LVA","QGDP","TOT","PC_CHGPP","Q","2018-Q4",0.990993973,
"LVA","QGDP","TOT","PC_CHGPP","Q","2019-Q1",1.085298014,
"LVA","QGDP","TOT","PC_CHGPP","Q","2019-Q2",-0.07107679,
"LVA","QGDP","TOT","PC_CHGPP","Q","2019-Q3",-0.595525669,
"LVA","QGDP","TOT","PC_CHGPP","Q","2019-Q4",0.443466089,
"LVA","QGDP","TOT","PC_CHGPP","Q","2020-Q1",-1.532329527,
"LVA","QGDP","TOT","PC_CHGPP","Q","2020-Q2",-7.076381643,
"LVA","QGDP","TOT","PC_CHGPP","Q","2020-Q3",5.552349288,
"LVA","QGDP","TOT","PC_CHGPP","Q","2020-Q4",1.831229731,
"LVA","QGDP","TOT","PC_CHGPP","Q","2021-Q1",0.46362229,
"LVA","QGDP","TOT","PC_CHGPP","Q","2021-Q2",2.010288925,
"LVA","QGDP","TOT","PC_CHGPP","Q","2021-Q3",0.464454805,
"LVA","QGDP","TOT","PC_CHGPP","Q","2021-Q4",-0.210356375,
"LVA","QGDP","TOT","PC_CHGPP","Q","2022-Q1",2.099321344,
"CZE","QGDP","TOT","PC_CHGPP","Q","2016-Q3",0.804094869,
"CZE","QGDP","TOT","PC_CHGPP","Q","2016-Q4",0.851285849,
"CZE","QGDP","TOT","PC_CHGPP","Q","2017-Q1",1.535584712,
"CZE","QGDP","TOT","PC_CHGPP","Q","2017-Q2",2.817217397,
"CZE","QGDP","TOT","PC_CHGPP","Q","2017-Q3",0.564773963,
"CZE","QGDP","TOT","PC_CHGPP","Q","2017-Q4",0.866008682,
"CZE","QGDP","TOT","PC_CHGPP","Q","2018-Q1",0.490118054,
"CZE","QGDP","TOT","PC_CHGPP","Q","2018-Q2",0.734727931,
"CZE","QGDP","TOT","PC_CHGPP","Q","2018-Q3",0.611440119,
"CZE","QGDP","TOT","PC_CHGPP","Q","2018-Q4",0.698012498,
"CZE","QGDP","TOT","PC_CHGPP","Q","2019-Q1",0.890707918,
"CZE","QGDP","TOT","PC_CHGPP","Q","2019-Q2",0.78597745,
"CZE","QGDP","TOT","PC_CHGPP","Q","2019-Q3",0.5484853,
"CZE","QGDP","TOT","PC_CHGPP","Q","2019-Q4",0.629132155,
"CZE","QGDP","TOT","PC_CHGPP","Q","2020-Q1",-3.388261018,
"CZE","QGDP","TOT","PC_CHGPP","Q","2020-Q2",-8.893719052,
"CZE","QGDP","TOT","PC_CHGPP","Q","2020-Q3",6.71354468,
"CZE","QGDP","TOT","PC_CHGPP","Q","2020-Q4",0.805777108,
"CZE","QGDP","TOT","PC_CHGPP","Q","2021-Q1",-0.301200306,
"CZE","QGDP","TOT","PC_CHGPP","Q","2021-Q2",1.372034668,
"CZE","QGDP","TOT","PC_CHGPP","Q","2021-Q3",1.662411077,
"CZE","QGDP","TOT","PC_CHGPP","Q","2021-Q4",0.798692003,
"CZE","QGDP","TOT","PC_CHGPP","Q","2022-Q1",0.699990862,
"POL","QGDP","TOT","PC_CHGPP","Q","2016-Q3",0.23928371,
"POL","QGDP","TOT","PC_CHGPP","Q","2016-Q4",2.297707708,
"POL","QGDP","TOT","PC_CHGPP","Q","2017-Q1",0.952407871,
"POL","QGDP","TOT","PC_CHGPP","Q","2017-Q2",0.884063046,
"POL","QGDP","TOT","PC_CHGPP","Q","2017-Q3",1.090258545,
"POL","QGDP","TOT","PC_CHGPP","Q","2017-Q4",1.778699531,
"POL","QGDP","TOT","PC_CHGPP","Q","2018-Q1",1.282585227,
"POL","QGDP","TOT","PC_CHGPP","Q","2018-Q2",1.333320349,
"POL","QGDP","TOT","PC_CHGPP","Q","2018-Q3",1.301125923,
"POL","QGDP","TOT","PC_CHGPP","Q","2018-Q4",0.918760713,
"POL","QGDP","TOT","PC_CHGPP","Q","2019-Q1",1.894577507,
"POL","QGDP","TOT","PC_CHGPP","Q","2019-Q2",0.762161685,
"POL","QGDP","TOT","PC_CHGPP","Q","2019-Q3",0.85558036,
"POL","QGDP","TOT","PC_CHGPP","Q","2019-Q4",0.43885319,
"POL","QGDP","TOT","PC_CHGPP","Q","2020-Q1",0.57292124,
"POL","QGDP","TOT","PC_CHGPP","Q","2020-Q2",-9.157659179,
"POL","QGDP","TOT","PC_CHGPP","Q","2020-Q3",7.253206034,
"POL","QGDP","TOT","PC_CHGPP","Q","2020-Q4",-0.121776907,
"POL","QGDP","TOT","PC_CHGPP","Q","2021-Q1",1.687184208,
"POL","QGDP","TOT","PC_CHGPP","Q","2021-Q2",1.882128647,
"POL","QGDP","TOT","PC_CHGPP","Q","2021-Q3",2.45427948,
"POL","QGDP","TOT","PC_CHGPP","Q","2021-Q4",1.629214201,
"DEU","QGDP","TOT","PC_CHGPP","Q","2016-Q3",0.34351193,
"DEU","QGDP","TOT","PC_CHGPP","Q","2016-Q4",0.312987231,
"DEU","QGDP","TOT","PC_CHGPP","Q","2017-Q1",1.218802299,
"DEU","QGDP","TOT","PC_CHGPP","Q","2017-Q2",0.780268505,
"DEU","QGDP","TOT","PC_CHGPP","Q","2017-Q3",0.879377516,
"DEU","QGDP","TOT","PC_CHGPP","Q","2017-Q4",0.805377738,
"DEU","QGDP","TOT","PC_CHGPP","Q","2018-Q1",-0.432376803,"P"
"DEU","QGDP","TOT","PC_CHGPP","Q","2018-Q2",0.556977164,"P"
"DEU","QGDP","TOT","PC_CHGPP","Q","2018-Q3",-0.422456804,"P"
"DEU","QGDP","TOT","PC_CHGPP","Q","2018-Q4",0.386536632,"P"
"DEU","QGDP","TOT","PC_CHGPP","Q","2019-Q1",1.054195089,"P"
"DEU","QGDP","TOT","PC_CHGPP","Q","2019-Q2",-0.492566052,"P"
"DEU","QGDP","TOT","PC_CHGPP","Q","2019-Q3",0.410949135,"P"
"DEU","QGDP","TOT","PC_CHGPP","Q","2019-Q4",-0.074416587,"P"
"DEU","QGDP","TOT","PC_CHGPP","Q","2020-Q1",-1.763973605,"P"
"DEU","QGDP","TOT","PC_CHGPP","Q","2020-Q2",-9.996215611,"P"
"DEU","QGDP","TOT","PC_CHGPP","Q","2020-Q3",9.043062505,"P"
"DEU","QGDP","TOT","PC_CHGPP","Q","2020-Q4",0.743386255,"P"
"DEU","QGDP","TOT","PC_CHGPP","Q","2021-Q1",-1.684226516,"P"
"DEU","QGDP","TOT","PC_CHGPP","Q","2021-Q2",2.173700733,"P"
"DEU","QGDP","TOT","PC_CHGPP","Q","2021-Q3",1.669530332,"P"
"DEU","QGDP","TOT","PC_CHGPP","Q","2021-Q4",-0.347188837,"P"
"DEU","QGDP","TOT","PC_CHGPP","Q","2022-Q1",0.197742042,"E"
"IDN","QGDP","TOT","PC_CHGPP","Q","2016-Q3",1.230058218,
"IDN","QGDP","TOT","PC_CHGPP","Q","2016-Q4",1.215611146,
"IDN","QGDP","TOT","PC_CHGPP","Q","2017-Q1",1.260273982,
"IDN","QGDP","TOT","PC_CHGPP","Q","2017-Q2",1.234173475,
"IDN","QGDP","TOT","PC_CHGPP","Q","2017-Q3",1.257002877,
"IDN","QGDP","TOT","PC_CHGPP","Q","2017-Q4",1.262267675,
"IDN","QGDP","TOT","PC_CHGPP","Q","2018-Q1",1.274512807,
"IDN","QGDP","TOT","PC_CHGPP","Q","2018-Q2",1.260758303,
"IDN","QGDP","TOT","PC_CHGPP","Q","2018-Q3",1.291807914,
"IDN","QGDP","TOT","PC_CHGPP","Q","2018-Q4",1.30615647,
"IDN","QGDP","TOT","PC_CHGPP","Q","2019-Q1",1.23123881,
"IDN","QGDP","TOT","PC_CHGPP","Q","2019-Q2",1.269210748,
"IDN","QGDP","TOT","PC_CHGPP","Q","2019-Q3",1.11578398,
"IDN","QGDP","TOT","PC_CHGPP","Q","2019-Q4",0.993137006,
"IDN","QGDP","TOT","PC_CHGPP","Q","2020-Q1",-0.765689066,
"IDN","QGDP","TOT","PC_CHGPP","Q","2020-Q2",-6.349299624,
"IDN","QGDP","TOT","PC_CHGPP","Q","2020-Q3",2.928083984,
"IDN","QGDP","TOT","PC_CHGPP","Q","2020-Q4",2.123457233,
"IDN","QGDP","TOT","PC_CHGPP","Q","2021-Q1",0.763336226,
"IDN","QGDP","TOT","PC_CHGPP","Q","2021-Q2",1.500252887,
"IDN","QGDP","TOT","PC_CHGPP","Q","2021-Q3",-0.76024005,
"IDN","QGDP","TOT","PC_CHGPP","Q","2021-Q4",3.12766756,
"IDN","QGDP","TOT","PC_CHGPP","Q","2022-Q1",0.888189339,
"LUX","QGDP","TOT","PC_CHGPP","Q","2016-Q3",0.720119672,
"LUX","QGDP","TOT","PC_CHGPP","Q","2016-Q4",0.486065792,
"LUX","QGDP","TOT","PC_CHGPP","Q","2017-Q1",-1.563270203,
"LUX","QGDP","TOT","PC_CHGPP","Q","2017-Q2",1.453464265,
"LUX","QGDP","TOT","PC_CHGPP","Q","2017-Q3",1.261424891,
"LUX","QGDP","TOT","PC_CHGPP","Q","2017-Q4",0.351549761,
"LUX","QGDP","TOT","PC_CHGPP","Q","2018-Q1",0.339645527,
"LUX","QGDP","TOT","PC_CHGPP","Q","2018-Q2",-0.373086906,
"LUX","QGDP","TOT","PC_CHGPP","Q","2018-Q3",1.181853092,
"LUX","QGDP","TOT","PC_CHGPP","Q","2018-Q4",0.455880563,
"LUX","QGDP","TOT","PC_CHGPP","Q","2019-Q1",1.379247734,
"LUX","QGDP","TOT","PC_CHGPP","Q","2019-Q2",1.69879513,
"LUX","QGDP","TOT","PC_CHGPP","Q","2019-Q3",-0.383252538,
"LUX","QGDP","TOT","PC_CHGPP","Q","2019-Q4",-0.159442997,
"LUX","QGDP","TOT","PC_CHGPP","Q","2020-Q1",-1.101764071,
"LUX","QGDP","TOT","PC_CHGPP","Q","2020-Q2",-6.225895555,
"LUX","QGDP","TOT","PC_CHGPP","Q","2020-Q3",7.998240166,
"LUX","QGDP","TOT","PC_CHGPP","Q","2020-Q4",0.537921425,
"LUX","QGDP","TOT","PC_CHGPP","Q","2021-Q1",3.752839284,"P"
"LUX","QGDP","TOT","PC_CHGPP","Q","2021-Q2",0.030523135,"P"
"LUX","QGDP","TOT","PC_CHGPP","Q","2021-Q3",0.480884204,"P"
"LUX","QGDP","TOT","PC_CHGPP","Q","2021-Q4",0.512538741,"P"
"ZAF","QGDP","TOT","PC_CHGPP","Q","2016-Q3",-0.012183122,
"ZAF","QGDP","TOT","PC_CHGPP","Q","2016-Q4",0.084913574,
"ZAF","QGDP","TOT","PC_CHGPP","Q","2017-Q1",0.472126567,
"ZAF","QGDP","TOT","PC_CHGPP","Q","2017-Q2",0.54530205,
"ZAF","QGDP","TOT","PC_CHGPP","Q","2017-Q3",0.183895972,
"ZAF","QGDP","TOT","PC_CHGPP","Q","2017-Q4",0.393361099,
"ZAF","QGDP","TOT","PC_CHGPP","Q","2018-Q1",0.439006178,
"ZAF","QGDP","TOT","PC_CHGPP","Q","2018-Q2",-0.134146771,
"ZAF","QGDP","TOT","PC_CHGPP","Q","2018-Q3",1.0962454,
"ZAF","QGDP","TOT","PC_CHGPP","Q","2018-Q4",0.284185813,
"ZAF","QGDP","TOT","PC_CHGPP","Q","2019-Q1",-0.976457995,
"ZAF","QGDP","TOT","PC_CHGPP","Q","2019-Q2",0.488060038,
"ZAF","QGDP","TOT","PC_CHGPP","Q","2019-Q3",-0.019313291,
"ZAF","QGDP","TOT","PC_CHGPP","Q","2019-Q4",0.063450117,
"ZAF","QGDP","TOT","PC_CHGPP","Q","2020-Q1",0.136212184,
"ZAF","QGDP","TOT","PC_CHGPP","Q","2020-Q2",-17.394100242,
"ZAF","QGDP","TOT","PC_CHGPP","Q","2020-Q3",13.892531694,
"ZAF","QGDP","TOT","PC_CHGPP","Q","2020-Q4",2.548716912,
"ZAF","QGDP","TOT","PC_CHGPP","Q","2021-Q1",1.04085909,
"ZAF","QGDP","TOT","PC_CHGPP","Q","2021-Q2",1.317869153,
"ZAF","QGDP","TOT","PC_CHGPP","Q","2021-Q3",-1.727377087,
"ZAF","QGDP","TOT","PC_CHGPP","Q","2021-Q4",1.163438831,
"RUS","QGDP","TOT","PC_CHGPP","Q","2016-Q3",0.100716464,
"RUS","QGDP","TOT","PC_CHGPP","Q","2016-Q4",0.825105938,
"RUS","QGDP","TOT","PC_CHGPP","Q","2017-Q1",0.201684982,
"RUS","QGDP","TOT","PC_CHGPP","Q","2017-Q2",0.690456285,
"RUS","QGDP","TOT","PC_CHGPP","Q","2017-Q3",0.679484492,
"RUS","QGDP","TOT","PC_CHGPP","Q","2017-Q4",0.020994643,
"RUS","QGDP","TOT","PC_CHGPP","Q","2018-Q1",1.356032191,
"RUS","QGDP","TOT","PC_CHGPP","Q","2018-Q2",0.55794654,
"RUS","QGDP","TOT","PC_CHGPP","Q","2018-Q3",0.241368821,
"RUS","QGDP","TOT","PC_CHGPP","Q","2018-Q4",0.663966548,
"RUS","QGDP","TOT","PC_CHGPP","Q","2019-Q1",-0.038077851,
"RUS","QGDP","TOT","PC_CHGPP","Q","2019-Q2",2.261719554,
"RUS","QGDP","TOT","PC_CHGPP","Q","2019-Q3",-0.978355601,
"RUS","QGDP","TOT","PC_CHGPP","Q","2019-Q4",-0.452487734,
"RUS","QGDP","TOT","PC_CHGPP","Q","2020-Q1",-0.196323318,
"RUS","QGDP","TOT","PC_CHGPP","Q","2020-Q2",-4.485002074,
"RUS","QGDP","TOT","PC_CHGPP","Q","2020-Q3",2.7780786,
"RUS","QGDP","TOT","PC_CHGPP","Q","2020-Q4",0.739743224,
"RUS","QGDP","TOT","PC_CHGPP","Q","2021-Q1",0.680789326,
"RUS","QGDP","TOT","PC_CHGPP","Q","2021-Q2",3.190933741,
"RUS","QGDP","TOT","PC_CHGPP","Q","2021-Q3",-0.794505895,
"PRT","QGDP","TOT","PC_CHGPP","Q","2016-Q3",1.17409239,
"PRT","QGDP","TOT","PC_CHGPP","Q","2016-Q4",0.931975429,
"PRT","QGDP","TOT","PC_CHGPP","Q","2017-Q1",1.170816047,
"PRT","QGDP","TOT","PC_CHGPP","Q","2017-Q2",0.505247849,
"PRT","QGDP","TOT","PC_CHGPP","Q","2017-Q3",0.69498999,
"PRT","QGDP","TOT","PC_CHGPP","Q","2017-Q4",0.825446682,
"PRT","QGDP","TOT","PC_CHGPP","Q","2018-Q1",0.727368109,
"PRT","QGDP","TOT","PC_CHGPP","Q","2018-Q2",0.779536523,
"PRT","QGDP","TOT","PC_CHGPP","Q","2018-Q3",0.525723942,
"PRT","QGDP","TOT","PC_CHGPP","Q","2018-Q4",0.608994992,
"PRT","QGDP","TOT","PC_CHGPP","Q","2019-Q1",0.881510282,
"PRT","QGDP","TOT","PC_CHGPP","Q","2019-Q2",0.56465027,
"PRT","QGDP","TOT","PC_CHGPP","Q","2019-Q3",0.46238778,
"PRT","QGDP","TOT","PC_CHGPP","Q","2019-Q4",0.824612023,
"PRT","QGDP","TOT","PC_CHGPP","Q","2020-Q1",-4.414526004,"P"
"PRT","QGDP","TOT","PC_CHGPP","Q","2020-Q2",-15.249695489,"P"
"PRT","QGDP","TOT","PC_CHGPP","Q","2020-Q3",14.672635056,"P"
"PRT","QGDP","TOT","PC_CHGPP","Q","2020-Q4",0.275105523,"P"
"PRT","QGDP","TOT","PC_CHGPP","Q","2021-Q1",-2.928316715,"P"
"PRT","QGDP","TOT","PC_CHGPP","Q","2021-Q2",4.369087133,"P"
"PRT","QGDP","TOT","PC_CHGPP","Q","2021-Q3",2.721618901,"P"
"PRT","QGDP","TOT","PC_CHGPP","Q","2021-Q4",1.713169241,"P"
"PRT","QGDP","TOT","PC_CHGPP","Q","2022-Q1",2.6,
"ITA","QGDP","TOT","PC_CHGPP","Q","2016-Q3",0.56670361,
"ITA","QGDP","TOT","PC_CHGPP","Q","2016-Q4",0.286547125,
"ITA","QGDP","TOT","PC_CHGPP","Q","2017-Q1",0.549260578,
"ITA","QGDP","TOT","PC_CHGPP","Q","2017-Q2",0.399895852,
"ITA","QGDP","TOT","PC_CHGPP","Q","2017-Q3",0.3818128,
"ITA","QGDP","TOT","PC_CHGPP","Q","2017-Q4",0.536468886,
"ITA","QGDP","TOT","PC_CHGPP","Q","2018-Q1",-0.036566867,
"ITA","QGDP","TOT","PC_CHGPP","Q","2018-Q2",0.048874558,
"ITA","QGDP","TOT","PC_CHGPP","Q","2018-Q3",0.097934098,
"ITA","QGDP","TOT","PC_CHGPP","Q","2018-Q4",0.268334506,
"ITA","QGDP","TOT","PC_CHGPP","Q","2019-Q1",0.20797604,
"ITA","QGDP","TOT","PC_CHGPP","Q","2019-Q2",0.314799195,
"ITA","QGDP","TOT","PC_CHGPP","Q","2019-Q3",-0.022237144,
"ITA","QGDP","TOT","PC_CHGPP","Q","2019-Q4",-0.792386006,
"ITA","QGDP","TOT","PC_CHGPP","Q","2020-Q1",-5.924416633,
"ITA","QGDP","TOT","PC_CHGPP","Q","2020-Q2",-12.64858611,
"ITA","QGDP","TOT","PC_CHGPP","Q","2020-Q3",16.102970393,
"ITA","QGDP","TOT","PC_CHGPP","Q","2020-Q4",-1.571767851,
"ITA","QGDP","TOT","PC_CHGPP","Q","2021-Q1",0.305207624,
"ITA","QGDP","TOT","PC_CHGPP","Q","2021-Q2",2.65994705,
"ITA","QGDP","TOT","PC_CHGPP","Q","2021-Q3",2.492781926,
"ITA","QGDP","TOT","PC_CHGPP","Q","2021-Q4",0.670004369,
"ITA","QGDP","TOT","PC_CHGPP","Q","2022-Q1",-0.164189413,
"AUT","QGDP","TOT","PC_CHGPP","Q","2016-Q3",0.565772856,
"AUT","QGDP","TOT","PC_CHGPP","Q","2016-Q4",1.026819679,
"AUT","QGDP","TOT","PC_CHGPP","Q","2017-Q1",0.493261325,
"AUT","QGDP","TOT","PC_CHGPP","Q","2017-Q2",0.553223399,
"AUT","QGDP","TOT","PC_CHGPP","Q","2017-Q3",0.527150006,
"AUT","QGDP","TOT","PC_CHGPP","Q","2017-Q4",0.729039717,
"AUT","QGDP","TOT","PC_CHGPP","Q","2018-Q1",0.891415959,
"AUT","QGDP","TOT","PC_CHGPP","Q","2018-Q2",0.360930248,
"AUT","QGDP","TOT","PC_CHGPP","Q","2018-Q3",0.125170058,
"AUT","QGDP","TOT","PC_CHGPP","Q","2018-Q4",1.050474942,
"AUT","QGDP","TOT","PC_CHGPP","Q","2019-Q1",0.856515275,
"AUT","QGDP","TOT","PC_CHGPP","Q","2019-Q2",-0.514093726,
"AUT","QGDP","TOT","PC_CHGPP","Q","2019-Q3",0.233056624,
"AUT","QGDP","TOT","PC_CHGPP","Q","2019-Q4",-0.265868572,
"AUT","QGDP","TOT","PC_CHGPP","Q","2020-Q1",-2.49838986,
"AUT","QGDP","TOT","PC_CHGPP","Q","2020-Q2",-11.427458015,
"AUT","QGDP","TOT","PC_CHGPP","Q","2020-Q3",10.805799524,
"AUT","QGDP","TOT","PC_CHGPP","Q","2020-Q4",-1.876945101,
"AUT","QGDP","TOT","PC_CHGPP","Q","2021-Q1",-0.391694639,
"AUT","QGDP","TOT","PC_CHGPP","Q","2021-Q2",4.070778935,
"AUT","QGDP","TOT","PC_CHGPP","Q","2021-Q3",3.388102044,
"AUT","QGDP","TOT","PC_CHGPP","Q","2021-Q4",-1.45036255,
"AUT","QGDP","TOT","PC_CHGPP","Q","2022-Q1",2.540250896,
"IRL","QGDP","TOT","PC_CHGPP","Q","2016-Q3",-1.315934342,
"IRL","QGDP","TOT","PC_CHGPP","Q","2016-Q4",11.83768457,
"IRL","QGDP","TOT","PC_CHGPP","Q","2017-Q1",-4.219551946,
"IRL","QGDP","TOT","PC_CHGPP","Q","2017-Q2",3.077477844,
"IRL","QGDP","TOT","PC_CHGPP","Q","2017-Q3",2.86075677,
"IRL","QGDP","TOT","PC_CHGPP","Q","2017-Q4",5.501916821,
"IRL","QGDP","TOT","PC_CHGPP","Q","2018-Q1",0.746810807,
"IRL","QGDP","TOT","PC_CHGPP","Q","2018-Q2",2.823841108,
"IRL","QGDP","TOT","PC_CHGPP","Q","2018-Q3",-1.10179196,
"IRL","QGDP","TOT","PC_CHGPP","Q","2018-Q4",1.535575861,
"IRL","QGDP","TOT","PC_CHGPP","Q","2019-Q1",1.780756126,
"IRL","QGDP","TOT","PC_CHGPP","Q","2019-Q2",2.261178118,
"IRL","QGDP","TOT","PC_CHGPP","Q","2019-Q3",-0.184168053,
"IRL","QGDP","TOT","PC_CHGPP","Q","2019-Q4",1.481295686,
"IRL","QGDP","TOT","PC_CHGPP","Q","2020-Q1",2.829810888,
"IRL","QGDP","TOT","PC_CHGPP","Q","2020-Q2",-3.037398121,
"IRL","QGDP","TOT","PC_CHGPP","Q","2020-Q3",9.81931481,
"IRL","QGDP","TOT","PC_CHGPP","Q","2020-Q4",-4.232614619,
"IRL","QGDP","TOT","PC_CHGPP","Q","2021-Q1",9.734477049,
"IRL","QGDP","TOT","PC_CHGPP","Q","2021-Q2",4.622562358,
"IRL","QGDP","TOT","PC_CHGPP","Q","2021-Q3",1.239847098,
"IRL","QGDP","TOT","PC_CHGPP","Q","2021-Q4",-5.362431683,
"CHE","QGDP","TOT","PC_CHGPP","Q","2016-Q3",0.536623936,
"CHE","QGDP","TOT","PC_CHGPP","Q","2016-Q4",0.337736327,
"CHE","QGDP","TOT","PC_CHGPP","Q","2017-Q1",0.18440781,
"CHE","QGDP","TOT","PC_CHGPP","Q","2017-Q2",0.299914115,
"CHE","QGDP","TOT","PC_CHGPP","Q","2017-Q3",0.626537759,
"CHE","QGDP","TOT","PC_CHGPP","Q","2017-Q4",1.085793773,
"CHE","QGDP","TOT","PC_CHGPP","Q","2018-Q1",1.080467216,
"CHE","QGDP","TOT","PC_CHGPP","Q","2018-Q2",0.930704151,
"CHE","QGDP","TOT","PC_CHGPP","Q","2018-Q3",-0.241001585,
"CHE","QGDP","TOT","PC_CHGPP","Q","2018-Q4",0.216205144,
"CHE","QGDP","TOT","PC_CHGPP","Q","2019-Q1",0.287854341,
"CHE","QGDP","TOT","PC_CHGPP","Q","2019-Q2",0.398251371,
"CHE","QGDP","TOT","PC_CHGPP","Q","2019-Q3",0.512095278,
"CHE","QGDP","TOT","PC_CHGPP","Q","2019-Q4",0.482954974,
"CHE","QGDP","TOT","PC_CHGPP","Q","2020-Q1",-1.547314607,
"CHE","QGDP","TOT","PC_CHGPP","Q","2020-Q2",-6.149299705,
"CHE","QGDP","TOT","PC_CHGPP","Q","2020-Q3",6.264850642,
"CHE","QGDP","TOT","PC_CHGPP","Q","2020-Q4",-0.065441471,
"CHE","QGDP","TOT","PC_CHGPP","Q","2021-Q1",-0.080763974,
"CHE","QGDP","TOT","PC_CHGPP","Q","2021-Q2",1.829214036,
"CHE","QGDP","TOT","PC_CHGPP","Q","2021-Q3",1.865713456,
"CHE","QGDP","TOT","PC_CHGPP","Q","2021-Q4",0.285262675,
"NZL","QGDP","TOT","PC_CHGPP","Q","2016-Q3",0.936576028,
"NZL","QGDP","TOT","PC_CHGPP","Q","2016-Q4",0.352190183,
"NZL","QGDP","TOT","PC_CHGPP","Q","2017-Q1",1.017429598,
"NZL","QGDP","TOT","PC_CHGPP","Q","2017-Q2",1.058961082,
"NZL","QGDP","TOT","PC_CHGPP","Q","2017-Q3",0.94539204,
"NZL","QGDP","TOT","PC_CHGPP","Q","2017-Q4",0.83338791,
"NZL","QGDP","TOT","PC_CHGPP","Q","2018-Q1",0.673865389,
"NZL","QGDP","TOT","PC_CHGPP","Q","2018-Q2",1.112903226,
"NZL","QGDP","TOT","PC_CHGPP","Q","2018-Q3",0.406763439,
"NZL","QGDP","TOT","PC_CHGPP","Q","2018-Q4",1.286837715,
"NZL","QGDP","TOT","PC_CHGPP","Q","2019-Q1",0.379578072,
"NZL","QGDP","TOT","PC_CHGPP","Q","2019-Q2",0.570339235,
"NZL","QGDP","TOT","PC_CHGPP","Q","2019-Q3",1.00059041,
"NZL","QGDP","TOT","PC_CHGPP","Q","2019-Q4",0.398424761,
"NZL","QGDP","TOT","PC_CHGPP","Q","2020-Q1",-1.509231594,
"NZL","QGDP","TOT","PC_CHGPP","Q","2020-Q2",-10.276913503,
"NZL","QGDP","TOT","PC_CHGPP","Q","2020-Q3",13.914415508,
"NZL","QGDP","TOT","PC_CHGPP","Q","2020-Q4",-0.327250034,
"NZL","QGDP","TOT","PC_CHGPP","Q","2021-Q1",1.304135361,
"NZL","QGDP","TOT","PC_CHGPP","Q","2021-Q2",2.463143296,
"NZL","QGDP","TOT","PC_CHGPP","Q","2021-Q3",-3.554404755,
"NZL","QGDP","TOT","PC_CHGPP","Q","2021-Q4",3.005064372,
"CHN","QGDP","TOT","PC_CHGPP","Q","2016-Q3",1.7,
"CHN","QGDP","TOT","PC_CHGPP","Q","2016-Q4",1.6,
"CHN","QGDP","TOT","PC_CHGPP","Q","2017-Q1",1.7,
"CHN","QGDP","TOT","PC_CHGPP","Q","2017-Q2",1.7,
"CHN","QGDP","TOT","PC_CHGPP","Q","2017-Q3",1.6,
"CHN","QGDP","TOT","PC_CHGPP","Q","2017-Q4",1.6,
"CHN","QGDP","TOT","PC_CHGPP","Q","2018-Q1",1.8,
"CHN","QGDP","TOT","PC_CHGPP","Q","2018-Q2",1.6,
"CHN","QGDP","TOT","PC_CHGPP","Q","2018-Q3",1.4,
"CHN","QGDP","TOT","PC_CHGPP","Q","2018-Q4",1.5,
"CHN","QGDP","TOT","PC_CHGPP","Q","2019-Q1",1.7,
"CHN","QGDP","TOT","PC_CHGPP","Q","2019-Q2",1.2,
"CHN","QGDP","TOT","PC_CHGPP","Q","2019-Q3",1.4,
"CHN","QGDP","TOT","PC_CHGPP","Q","2019-Q4",1.2,
"CHN","QGDP","TOT","PC_CHGPP","Q","2020-Q1",-10.3,
"CHN","QGDP","TOT","PC_CHGPP","Q","2020-Q2",11.6,
"CHN","QGDP","TOT","PC_CHGPP","Q","2020-Q3",3.4,
"CHN","QGDP","TOT","PC_CHGPP","Q","2020-Q4",2.5,
"CHN","QGDP","TOT","PC_CHGPP","Q","2021-Q1",0.5,
"CHN","QGDP","TOT","PC_CHGPP","Q","2021-Q2",1.2,
"CHN","QGDP","TOT","PC_CHGPP","Q","2021-Q3",0.7,
"CHN","QGDP","TOT","PC_CHGPP","Q","2021-Q4",1.5,
"CHN","QGDP","TOT","PC_CHGPP","Q","2022-Q1",1.3,
"CHL","QGDP","TOT","PC_CHGPP","Q","2016-Q3",0.558000278,
"CHL","QGDP","TOT","PC_CHGPP","Q","2016-Q4",-0.080264524,
"CHL","QGDP","TOT","PC_CHGPP","Q","2017-Q1",-0.359838266,
"CHL","QGDP","TOT","PC_CHGPP","Q","2017-Q2",1.025533978,
"CHL","QGDP","TOT","PC_CHGPP","Q","2017-Q3",1.838664936,
"CHL","QGDP","TOT","PC_CHGPP","Q","2017-Q4",0.790813978,
"CHL","QGDP","TOT","PC_CHGPP","Q","2018-Q1",1.297807292,
"CHL","QGDP","TOT","PC_CHGPP","Q","2018-Q2",1.104889634,
"CHL","QGDP","TOT","PC_CHGPP","Q","2018-Q3",-0.431450965,
"CHL","QGDP","TOT","PC_CHGPP","Q","2018-Q4",1.219586185,
"CHL","QGDP","TOT","PC_CHGPP","Q","2019-Q1",-0.201966283,
"CHL","QGDP","TOT","PC_CHGPP","Q","2019-Q2",1.080250898,
"CHL","QGDP","TOT","PC_CHGPP","Q","2019-Q3",0.212563466,
"CHL","QGDP","TOT","PC_CHGPP","Q","2019-Q4",-3.85342461,
"CHL","QGDP","TOT","PC_CHGPP","Q","2020-Q1",2.021596959,
"CHL","QGDP","TOT","PC_CHGPP","Q","2020-Q2",-12.752285945,
"CHL","QGDP","TOT","PC_CHGPP","Q","2020-Q3",5.342362617,
"CHL","QGDP","TOT","PC_CHGPP","Q","2020-Q4",6.803553985,
"CHL","QGDP","TOT","PC_CHGPP","Q","2021-Q1",3.363545303,
"CHL","QGDP","TOT","PC_CHGPP","Q","2021-Q2",1.657061057,
"CHL","QGDP","TOT","PC_CHGPP","Q","2021-Q3",4.476552655,
"CHL","QGDP","TOT","PC_CHGPP","Q","2021-Q4",1.820110121,
"SWE","QGDP","TOT","PC_CHGPP","Q","2016-Q3",0.315716608,
"SWE","QGDP","TOT","PC_CHGPP","Q","2016-Q4",0.885069928,
"SWE","QGDP","TOT","PC_CHGPP","Q","2017-Q1",0.426647701,
"SWE","QGDP","TOT","PC_CHGPP","Q","2017-Q2",1.296605755,
"SWE","QGDP","TOT","PC_CHGPP","Q","2017-Q3",0.983811316,
"SWE","QGDP","TOT","PC_CHGPP","Q","2017-Q4",0.17765784,
"SWE","QGDP","TOT","PC_CHGPP","Q","2018-Q1",0.247414018,
"SWE","QGDP","TOT","PC_CHGPP","Q","2018-Q2",1.095340006,
"SWE","QGDP","TOT","PC_CHGPP","Q","2018-Q3",-0.676141775,
"SWE","QGDP","TOT","PC_CHGPP","Q","2018-Q4",1.380126591,
"SWE","QGDP","TOT","PC_CHGPP","Q","2019-Q1",0.529985505,
"SWE","QGDP","TOT","PC_CHGPP","Q","2019-Q2",0.532896326,
"SWE","QGDP","TOT","PC_CHGPP","Q","2019-Q3",0.177001469,
"SWE","QGDP","TOT","PC_CHGPP","Q","2019-Q4",0.105454537,
"SWE","QGDP","TOT","PC_CHGPP","Q","2020-Q1",-0.725528771,
"SWE","QGDP","TOT","PC_CHGPP","Q","2020-Q2",-7.840666345,
"SWE","QGDP","TOT","PC_CHGPP","Q","2020-Q3",6.90377613,
"SWE","QGDP","TOT","PC_CHGPP","Q","2020-Q4",0.048423851,
"SWE","QGDP","TOT","PC_CHGPP","Q","2021-Q1",1.568213016,
"SWE","QGDP","TOT","PC_CHGPP","Q","2021-Q2",0.714032352,
"SWE","QGDP","TOT","PC_CHGPP","Q","2021-Q3",1.734991149,
"SWE","QGDP","TOT","PC_CHGPP","Q","2021-Q4",0.976606833,
"SWE","QGDP","TOT","PC_CHGPP","Q","2022-Q1",-0.425856796,
"FRA","QGDP","TOT","PC_CHGPP","Q","2016-Q3",0.198728721,
"FRA","QGDP","TOT","PC_CHGPP","Q","2016-Q4",0.544690904,
"FRA","QGDP","TOT","PC_CHGPP","Q","2017-Q1",0.816780164,
"FRA","QGDP","TOT","PC_CHGPP","Q","2017-Q2",0.820053915,
"FRA","QGDP","TOT","PC_CHGPP","Q","2017-Q3",0.622880698,
"FRA","QGDP","TOT","PC_CHGPP","Q","2017-Q4",0.82820286,
"FRA","QGDP","TOT","PC_CHGPP","Q","2018-Q1",0.0487003,
"FRA","QGDP","TOT","PC_CHGPP","Q","2018-Q2",0.38255937,
"FRA","QGDP","TOT","PC_CHGPP","Q","2018-Q3",0.366396552,
"FRA","QGDP","TOT","PC_CHGPP","Q","2018-Q4",0.701164421,
"FRA","QGDP","TOT","PC_CHGPP","Q","2019-Q1",0.665798334,
"FRA","QGDP","TOT","PC_CHGPP","Q","2019-Q2",0.604099134,
"FRA","QGDP","TOT","PC_CHGPP","Q","2019-Q3",0.011971808,
"FRA","QGDP","TOT","PC_CHGPP","Q","2019-Q4",-0.400152537,
"FRA","QGDP","TOT","PC_CHGPP","Q","2020-Q1",-5.647477753,
"FRA","QGDP","TOT","PC_CHGPP","Q","2020-Q2",-13.44314559,
"FRA","QGDP","TOT","PC_CHGPP","Q","2020-Q3",18.555378962,
"FRA","QGDP","TOT","PC_CHGPP","Q","2020-Q4",-1.118046566,
"FRA","QGDP","TOT","PC_CHGPP","Q","2021-Q1",0.156198162,
"FRA","QGDP","TOT","PC_CHGPP","Q","2021-Q2",1.460529708,
"FRA","QGDP","TOT","PC_CHGPP","Q","2021-Q3",3.017719839,
"FRA","QGDP","TOT","PC_CHGPP","Q","2021-Q4",0.77978186,
"FRA","QGDP","TOT","PC_CHGPP","Q","2022-Q1",-0.0472544,
"GRC","QGDP","TOT","PC_CHGPP","Q","2016-Q3",0.295791447,
"GRC","QGDP","TOT","PC_CHGPP","Q","2016-Q4",0.63026518,
"GRC","QGDP","TOT","PC_CHGPP","Q","2017-Q1",-0.20588497,
"GRC","QGDP","TOT","PC_CHGPP","Q","2017-Q2",0.536256964,
"GRC","QGDP","TOT","PC_CHGPP","Q","2017-Q3",1.058054967,
"GRC","QGDP","TOT","PC_CHGPP","Q","2017-Q4",-0.901636931,
"GRC","QGDP","TOT","PC_CHGPP","Q","2018-Q1",1.418215336,
"GRC","QGDP","TOT","PC_CHGPP","Q","2018-Q2",0.141208693,
"GRC","QGDP","TOT","PC_CHGPP","Q","2018-Q3",-0.268138491,
"GRC","QGDP","TOT","PC_CHGPP","Q","2018-Q4",0.657625323,
"GRC","QGDP","TOT","PC_CHGPP","Q","2019-Q1",0.682583221,"P"
"GRC","QGDP","TOT","PC_CHGPP","Q","2019-Q2",1.054627484,"P"
"GRC","QGDP","TOT","PC_CHGPP","Q","2019-Q3",-0.094569359,"P"
"GRC","QGDP","TOT","PC_CHGPP","Q","2019-Q4",-0.287310049,"P"
"GRC","QGDP","TOT","PC_CHGPP","Q","2020-Q1",-1.975613338,"P"
"GRC","QGDP","TOT","PC_CHGPP","Q","2020-Q2",-13.447238182,"P"
"GRC","QGDP","TOT","PC_CHGPP","Q","2020-Q3",5.362029979,"P"
"GRC","QGDP","TOT","PC_CHGPP","Q","2020-Q4",3.938052161,"P"
"GRC","QGDP","TOT","PC_CHGPP","Q","2021-Q1",4.070660413,"P"
"GRC","QGDP","TOT","PC_CHGPP","Q","2021-Q2",1.007619104,"P"
"GRC","QGDP","TOT","PC_CHGPP","Q","2021-Q3",1.984454179,"P"
"GRC","QGDP","TOT","PC_CHGPP","Q","2021-Q4",0.423738482,"P"
"OECDE","QGDP","TOT","PC_CHGPP","Q","2016-Q3",0.139837,
"OECDE","QGDP","TOT","PC_CHGPP","Q","2016-Q4",1.247698,
"OECDE","QGDP","TOT","PC_CHGPP","Q","2017-Q1",0.773976,
"OECDE","QGDP","TOT","PC_CHGPP","Q","2017-Q2",0.926246,
"OECDE","QGDP","TOT","PC_CHGPP","Q","2017-Q3",0.747392,
"OECDE","QGDP","TOT","PC_CHGPP","Q","2017-Q4",0.904083,
"OECDE","QGDP","TOT","PC_CHGPP","Q","2018-Q1",0.353198,
"OECDE","QGDP","TOT","PC_CHGPP","Q","2018-Q2",0.589629,
"OECDE","QGDP","TOT","PC_CHGPP","Q","2018-Q3",0.053506,
"OECDE","QGDP","TOT","PC_CHGPP","Q","2018-Q4",0.21051,
"OECDE","QGDP","TOT","PC_CHGPP","Q","2019-Q1",0.872924,
"OECDE","QGDP","TOT","PC_CHGPP","Q","2019-Q2",0.456416,
"OECDE","QGDP","TOT","PC_CHGPP","Q","2019-Q3",0.293056,
"OECDE","QGDP","TOT","PC_CHGPP","Q","2019-Q4",0.147247,
"OECDE","QGDP","TOT","PC_CHGPP","Q","2020-Q1",-2.702097,
"OECDE","QGDP","TOT","PC_CHGPP","Q","2020-Q2",-12.098833,
"OECDE","QGDP","TOT","PC_CHGPP","Q","2020-Q3",12.705175,
"OECDE","QGDP","TOT","PC_CHGPP","Q","2020-Q4",0.138937,
"OECDE","QGDP","TOT","PC_CHGPP","Q","2021-Q1",0.106955,
"OECDE","QGDP","TOT","PC_CHGPP","Q","2021-Q2",2.475572,
"OECDE","QGDP","TOT","PC_CHGPP","Q","2021-Q3",2.09351,
"OECDE","QGDP","TOT","PC_CHGPP","Q","2021-Q4",0.733809,
"G-7","QGDP","TOT","PC_CHGPP","Q","2016-Q3",0.488239,
"G-7","QGDP","TOT","PC_CHGPP","Q","2016-Q4",0.441691,
"G-7","QGDP","TOT","PC_CHGPP","Q","2017-Q1",0.671176,
"G-7","QGDP","TOT","PC_CHGPP","Q","2017-Q2",0.576106,
"G-7","QGDP","TOT","PC_CHGPP","Q","2017-Q3",0.677629,
"G-7","QGDP","TOT","PC_CHGPP","Q","2017-Q4",0.717964,
"G-7","QGDP","TOT","PC_CHGPP","Q","2018-Q1",0.405552,
"G-7","QGDP","TOT","PC_CHGPP","Q","2018-Q2",0.636414,
"G-7","QGDP","TOT","PC_CHGPP","Q","2018-Q3",0.210525,
"G-7","QGDP","TOT","PC_CHGPP","Q","2018-Q4",0.239886,
"G-7","QGDP","TOT","PC_CHGPP","Q","2019-Q1",0.594728,
"G-7","QGDP","TOT","PC_CHGPP","Q","2019-Q2",0.527013,
"G-7","QGDP","TOT","PC_CHGPP","Q","2019-Q3",0.439456,
"G-7","QGDP","TOT","PC_CHGPP","Q","2019-Q4",-0.192265,
"G-7","QGDP","TOT","PC_CHGPP","Q","2020-Q1",-1.891841,
"G-7","QGDP","TOT","PC_CHGPP","Q","2020-Q2",-10.381684,
"G-7","QGDP","TOT","PC_CHGPP","Q","2020-Q3",9.464061,
"G-7","QGDP","TOT","PC_CHGPP","Q","2020-Q4",0.902505,
"G-7","QGDP","TOT","PC_CHGPP","Q","2021-Q1",0.514354,
"G-7","QGDP","TOT","PC_CHGPP","Q","2021-Q2",1.795754,
"G-7","QGDP","TOT","PC_CHGPP","Q","2021-Q3",0.896682,
"G-7","QGDP","TOT","PC_CHGPP","Q","2021-Q4",1.224838,
"G-20","QGDP","TOT","PC_CHGPP","Q","2016-Q3",0.76513,
"G-20","QGDP","TOT","PC_CHGPP","Q","2016-Q4",1.03286,
"G-20","QGDP","TOT","PC_CHGPP","Q","2017-Q1",0.85707,
"G-20","QGDP","TOT","PC_CHGPP","Q","2017-Q2",1.03552,
"G-20","QGDP","TOT","PC_CHGPP","Q","2017-Q3",0.99268,
"G-20","QGDP","TOT","PC_CHGPP","Q","2017-Q4",1.00437,
"G-20","QGDP","TOT","PC_CHGPP","Q","2018-Q1",0.97783,
"G-20","QGDP","TOT","PC_CHGPP","Q","2018-Q2",0.83438,
"G-20","QGDP","TOT","PC_CHGPP","Q","2018-Q3",0.64151,
"G-20","QGDP","TOT","PC_CHGPP","Q","2018-Q4",0.58824,
"G-20","QGDP","TOT","PC_CHGPP","Q","2019-Q1",0.83974,
"G-20","QGDP","TOT","PC_CHGPP","Q","2019-Q2",0.83121,
"G-20","QGDP","TOT","PC_CHGPP","Q","2019-Q3",0.64235,
"G-20","QGDP","TOT","PC_CHGPP","Q","2019-Q4",0.24952,
"G-20","QGDP","TOT","PC_CHGPP","Q","2020-Q1",-3.27148,
"G-20","QGDP","TOT","PC_CHGPP","Q","2020-Q2",-6.79266,
"G-20","QGDP","TOT","PC_CHGPP","Q","2020-Q3",8.62233,
"G-20","QGDP","TOT","PC_CHGPP","Q","2020-Q4",1.68735,
"G-20","QGDP","TOT","PC_CHGPP","Q","2021-Q1",0.72022,
"G-20","QGDP","TOT","PC_CHGPP","Q","2021-Q2",0.48265,
"G-20","QGDP","TOT","PC_CHGPP","Q","2021-Q3",1.92426,
"G-20","QGDP","TOT","PC_CHGPP","Q","2021-Q4",1.4,
"COL","QGDP","TOT","PC_CHGPP","Q","2016-Q3",0.492303826,
"COL","QGDP","TOT","PC_CHGPP","Q","2016-Q4",0.595409393,
"COL","QGDP","TOT","PC_CHGPP","Q","2017-Q1",-0.316064285,
"COL","QGDP","TOT","PC_CHGPP","Q","2017-Q2",0.770231651,
"COL","QGDP","TOT","PC_CHGPP","Q","2017-Q3",0.251591076,
"COL","QGDP","TOT","PC_CHGPP","Q","2017-Q4",0.530877383,
"COL","QGDP","TOT","PC_CHGPP","Q","2018-Q1",0.767722724,
"COL","QGDP","TOT","PC_CHGPP","Q","2018-Q2",0.505947634,
"COL","QGDP","TOT","PC_CHGPP","Q","2018-Q3",0.99011581,
"COL","QGDP","TOT","PC_CHGPP","Q","2018-Q4",0.720191586,
"COL","QGDP","TOT","PC_CHGPP","Q","2019-Q1",0.697943233,
"COL","QGDP","TOT","PC_CHGPP","Q","2019-Q2",1.036524513,
"COL","QGDP","TOT","PC_CHGPP","Q","2019-Q3",0.55798743,
"COL","QGDP","TOT","PC_CHGPP","Q","2019-Q4",0.934382679,
"COL","QGDP","TOT","PC_CHGPP","Q","2020-Q1",-2.130050179,
"COL","QGDP","TOT","PC_CHGPP","Q","2020-Q2",-15.920615533,
"COL","QGDP","TOT","PC_CHGPP","Q","2020-Q3",9.997292399,
"COL","QGDP","TOT","PC_CHGPP","Q","2020-Q4",6.712552421,
"COL","QGDP","TOT","PC_CHGPP","Q","2021-Q1",3.41534591,
"COL","QGDP","TOT","PC_CHGPP","Q","2021-Q2",-3.204043436,
"COL","QGDP","TOT","PC_CHGPP","Q","2021-Q3",6.06444087,
"COL","QGDP","TOT","PC_CHGPP","Q","2021-Q4",4.26551404,
"EA19","QGDP","TOT","PC_CHGPP","Q","2016-Q3",0.450751,
"EA19","QGDP","TOT","PC_CHGPP","Q","2016-Q4",0.747729,
"EA19","QGDP","TOT","PC_CHGPP","Q","2017-Q1",0.712309,
"EA19","QGDP","TOT","PC_CHGPP","Q","2017-Q2",0.802678,
"EA19","QGDP","TOT","PC_CHGPP","Q","2017-Q3",0.700668,
"EA19","QGDP","TOT","PC_CHGPP","Q","2017-Q4",0.854989,
"EA19","QGDP","TOT","PC_CHGPP","Q","2018-Q1",0.070755,
"EA19","QGDP","TOT","PC_CHGPP","Q","2018-Q2",0.49418,
"EA19","QGDP","TOT","PC_CHGPP","Q","2018-Q3",0.066672,
"EA19","QGDP","TOT","PC_CHGPP","Q","2018-Q4",0.571224,
"EA19","QGDP","TOT","PC_CHGPP","Q","2019-Q1",0.738585,
"EA19","QGDP","TOT","PC_CHGPP","Q","2019-Q2",0.206326,
"EA19","QGDP","TOT","PC_CHGPP","Q","2019-Q3",0.240767,
"EA19","QGDP","TOT","PC_CHGPP","Q","2019-Q4",-0.063119,
"EA19","QGDP","TOT","PC_CHGPP","Q","2020-Q1",-3.524265,
"EA19","QGDP","TOT","PC_CHGPP","Q","2020-Q2",-11.627494,
"EA19","QGDP","TOT","PC_CHGPP","Q","2020-Q3",12.644217,
"EA19","QGDP","TOT","PC_CHGPP","Q","2020-Q4",-0.319609,
"EA19","QGDP","TOT","PC_CHGPP","Q","2021-Q1",-0.097919,
"EA19","QGDP","TOT","PC_CHGPP","Q","2021-Q2",2.205448,
"EA19","QGDP","TOT","PC_CHGPP","Q","2021-Q3",2.247616,
"EA19","QGDP","TOT","PC_CHGPP","Q","2021-Q4",0.290929,
"EA19","QGDP","TOT","PC_CHGPP","Q","2022-Q1",0.189099,
"LTU","QGDP","TOT","PC_CHGPP","Q","2016-Q3",0.989045256,
"LTU","QGDP","TOT","PC_CHGPP","Q","2016-Q4",1.224203231,
"LTU","QGDP","TOT","PC_CHGPP","Q","2017-Q1",1.148019809,
"LTU","QGDP","TOT","PC_CHGPP","Q","2017-Q2",0.852481626,
"LTU","QGDP","TOT","PC_CHGPP","Q","2017-Q3",1.03578065,
"LTU","QGDP","TOT","PC_CHGPP","Q","2017-Q4",0.897396384,
"LTU","QGDP","TOT","PC_CHGPP","Q","2018-Q1",0.854595511,
"LTU","QGDP","TOT","PC_CHGPP","Q","2018-Q2",1.206189211,
"LTU","QGDP","TOT","PC_CHGPP","Q","2018-Q3",0.866329801,
"LTU","QGDP","TOT","PC_CHGPP","Q","2018-Q4",1.283703014,
"LTU","QGDP","TOT","PC_CHGPP","Q","2019-Q1",1.402614706,
"LTU","QGDP","TOT","PC_CHGPP","Q","2019-Q2",1.180717847,
"LTU","QGDP","TOT","PC_CHGPP","Q","2019-Q3",0.39781136,
"LTU","QGDP","TOT","PC_CHGPP","Q","2019-Q4",1.28934673,
"LTU","QGDP","TOT","PC_CHGPP","Q","2020-Q1",0.731637358,
"LTU","QGDP","TOT","PC_CHGPP","Q","2020-Q2",-5.863753898,
"LTU","QGDP","TOT","PC_CHGPP","Q","2020-Q3",3.881609919,
"LTU","QGDP","TOT","PC_CHGPP","Q","2020-Q4",1.555403556,
"LTU","QGDP","TOT","PC_CHGPP","Q","2021-Q1",1.707463939,
"LTU","QGDP","TOT","PC_CHGPP","Q","2021-Q2",1.201907014,
"LTU","QGDP","TOT","PC_CHGPP","Q","2021-Q3",0.720526528,
"LTU","QGDP","TOT","PC_CHGPP","Q","2021-Q4",1.253801518,
"LTU","QGDP","TOT","PC_CHGPP","Q","2022-Q1",0.895662508,
"SAU","QGDP","TOT","PC_CHGPP","Q","2016-Q3",-0.145267444,
"SAU","QGDP","TOT","PC_CHGPP","Q","2016-Q4",0.858623817,
"SAU","QGDP","TOT","PC_CHGPP","Q","2017-Q1",-1.446092813,
"SAU","QGDP","TOT","PC_CHGPP","Q","2017-Q2",0.428017147,
"SAU","QGDP","TOT","PC_CHGPP","Q","2017-Q3",-0.017629388,
"SAU","QGDP","TOT","PC_CHGPP","Q","2017-Q4",-0.650740219,
"SAU","QGDP","TOT","PC_CHGPP","Q","2018-Q1",2.498840398,
"SAU","QGDP","TOT","PC_CHGPP","Q","2018-Q2",-0.208727501,
"SAU","QGDP","TOT","PC_CHGPP","Q","2018-Q3",1.414393579,
"SAU","QGDP","TOT","PC_CHGPP","Q","2018-Q4",0.481463997,
"SAU","QGDP","TOT","PC_CHGPP","Q","2019-Q1",-0.297746087,
"SAU","QGDP","TOT","PC_CHGPP","Q","2019-Q2",-0.701172475,
"SAU","QGDP","TOT","PC_CHGPP","Q","2019-Q3",-0.185022973,
"SAU","QGDP","TOT","PC_CHGPP","Q","2019-Q4",0.308913382,
"SAU","QGDP","TOT","PC_CHGPP","Q","2020-Q1",-1.332821346,
"SAU","QGDP","TOT","PC_CHGPP","Q","2020-Q2",-4.848610902,
"SAU","QGDP","TOT","PC_CHGPP","Q","2020-Q3",0.749804648,
"SAU","QGDP","TOT","PC_CHGPP","Q","2020-Q4",2.077436621,
"SAU","QGDP","TOT","PC_CHGPP","Q","2021-Q1",-1.126194097,
"SAU","QGDP","TOT","PC_CHGPP","Q","2021-Q2",0.220955997,
"SAU","QGDP","TOT","PC_CHGPP","Q","2021-Q3",5.680977147,
"SAU","QGDP","TOT","PC_CHGPP","Q","2021-Q4",1.578321209,
"BGR","QGDP","TOT","PC_CHGPP","Q","2016-Q3",0.540442835,"P"
"BGR","QGDP","TOT","PC_CHGPP","Q","2016-Q4",0.880614319,"P"
"BGR","QGDP","TOT","PC_CHGPP","Q","2017-Q1",0.621625615,"P"
"BGR","QGDP","TOT","PC_CHGPP","Q","2017-Q2",0.688421588,"P"
"BGR","QGDP","TOT","PC_CHGPP","Q","2017-Q3",0.684289132,"P"
"BGR","QGDP","TOT","PC_CHGPP","Q","2017-Q4",0.628482327,"P"
"BGR","QGDP","TOT","PC_CHGPP","Q","2018-Q1",0.742733018,"P"
"BGR","QGDP","TOT","PC_CHGPP","Q","2018-Q2",0.573120859,"P"
"BGR","QGDP","TOT","PC_CHGPP","Q","2018-Q3",0.614834346,"P"
"BGR","QGDP","TOT","PC_CHGPP","Q","2018-Q4",0.416678572,"P"
"BGR","QGDP","TOT","PC_CHGPP","Q","2019-Q1",3.790156358,"P"
"BGR","QGDP","TOT","PC_CHGPP","Q","2019-Q2",-0.263303288,"P"
"BGR","QGDP","TOT","PC_CHGPP","Q","2019-Q3",-0.64248549,"P"
"BGR","QGDP","TOT","PC_CHGPP","Q","2019-Q4",0.270361487,"P"
"BGR","QGDP","TOT","PC_CHGPP","Q","2020-Q1",-0.206196882,"P"
"BGR","QGDP","TOT","PC_CHGPP","Q","2020-Q2",-7.324061841,"P"
"BGR","QGDP","TOT","PC_CHGPP","Q","2020-Q3",3.094999657,"P"
"BGR","QGDP","TOT","PC_CHGPP","Q","2020-Q4",1.406824741,"P"
"BGR","QGDP","TOT","PC_CHGPP","Q","2021-Q1",1.786830185,"P"
"BGR","QGDP","TOT","PC_CHGPP","Q","2021-Q2",0.915052536,"P"
"BGR","QGDP","TOT","PC_CHGPP","Q","2021-Q3",0.837532665,"P"
"BGR","QGDP","TOT","PC_CHGPP","Q","2021-Q4",1.044856902,"P"
"ROU","QGDP","TOT","PC_CHGPP","Q","2016-Q3",0.481467204,
"ROU","QGDP","TOT","PC_CHGPP","Q","2016-Q4",2.118807786,
"ROU","QGDP","TOT","PC_CHGPP","Q","2017-Q1",2.304259203,
"ROU","QGDP","TOT","PC_CHGPP","Q","2017-Q2",1.211867077,
"ROU","QGDP","TOT","PC_CHGPP","Q","2017-Q3",2.341188762,
"ROU","QGDP","TOT","PC_CHGPP","Q","2017-Q4",1.061593547,
"ROU","QGDP","TOT","PC_CHGPP","Q","2018-Q1",0.57199584,
"ROU","QGDP","TOT","PC_CHGPP","Q","2018-Q2",1.516482157,
"ROU","QGDP","TOT","PC_CHGPP","Q","2018-Q3",1.05420916,
"ROU","QGDP","TOT","PC_CHGPP","Q","2018-Q4",0.703191128,
"ROU","QGDP","TOT","PC_CHGPP","Q","2019-Q1",1.482769273,
"ROU","QGDP","TOT","PC_CHGPP","Q","2019-Q2",0.802993943,
"ROU","QGDP","TOT","PC_CHGPP","Q","2019-Q3",0.692896871,
"ROU","QGDP","TOT","PC_CHGPP","Q","2019-Q4",0.668368391,
"ROU","QGDP","TOT","PC_CHGPP","Q","2020-Q1",0.258413448,"P"
"ROU","QGDP","TOT","PC_CHGPP","Q","2020-Q2",-10.249086713,"P"
"ROU","QGDP","TOT","PC_CHGPP","Q","2020-Q3",4.76350571,"P"
"ROU","QGDP","TOT","PC_CHGPP","Q","2020-Q4",3.888920191,"P"
"ROU","QGDP","TOT","PC_CHGPP","Q","2021-Q1",1.946303344,"P"
"ROU","QGDP","TOT","PC_CHGPP","Q","2021-Q2",1.593884443,"P"
"ROU","QGDP","TOT","PC_CHGPP","Q","2021-Q3",0.408896458,"P"
"ROU","QGDP","TOT","PC_CHGPP","Q","2021-Q4",-0.053057976,"P"
"EU27_2020","QGDP","TOT","PC_CHGPP","Q","2016-Q3",0.454388,
"EU27_2020","QGDP","TOT","PC_CHGPP","Q","2016-Q4",0.830355,
"EU27_2020","QGDP","TOT","PC_CHGPP","Q","2017-Q1",0.747698,
"EU27_2020","QGDP","TOT","PC_CHGPP","Q","2017-Q2",0.865236,
"EU27_2020","QGDP","TOT","PC_CHGPP","Q","2017-Q3",0.725058,
"EU27_2020","QGDP","TOT","PC_CHGPP","Q","2017-Q4",0.863336,
"EU27_2020","QGDP","TOT","PC_CHGPP","Q","2018-Q1",0.163974,
"EU27_2020","QGDP","TOT","PC_CHGPP","Q","2018-Q2",0.575344,
"EU27_2020","QGDP","TOT","PC_CHGPP","Q","2018-Q3",0.136867,
"EU27_2020","QGDP","TOT","PC_CHGPP","Q","2018-Q4",0.6179,
"EU27_2020","QGDP","TOT","PC_CHGPP","Q","2019-Q1",0.811306,
"EU27_2020","QGDP","TOT","PC_CHGPP","Q","2019-Q2",0.272754,
"EU27_2020","QGDP","TOT","PC_CHGPP","Q","2019-Q3",0.287672,
"EU27_2020","QGDP","TOT","PC_CHGPP","Q","2019-Q4",-0.01394,
"EU27_2020","QGDP","TOT","PC_CHGPP","Q","2020-Q1",-3.097916,
"EU27_2020","QGDP","TOT","PC_CHGPP","Q","2020-Q2",-11.215094,
"EU27_2020","QGDP","TOT","PC_CHGPP","Q","2020-Q3",11.745185,
"EU27_2020","QGDP","TOT","PC_CHGPP","Q","2020-Q4",-0.167955,
"EU27_2020","QGDP","TOT","PC_CHGPP","Q","2021-Q1",0.095464,
"EU27_2020","QGDP","TOT","PC_CHGPP","Q","2021-Q2",2.107089,
"EU27_2020","QGDP","TOT","PC_CHGPP","Q","2021-Q3",2.152449,
"EU27_2020","QGDP","TOT","PC_CHGPP","Q","2021-Q4",0.456739,
"EU27_2020","QGDP","TOT","PC_CHGPP","Q","2022-Q1",0.392566,
"CRI","QGDP","TOT","PC_CHGPP","Q","2016-Q3",1.768617469,
"CRI","QGDP","TOT","PC_CHGPP","Q","2016-Q4",1.046608764,
"CRI","QGDP","TOT","PC_CHGPP","Q","2017-Q1",0.484962956,
"CRI","QGDP","TOT","PC_CHGPP","Q","2017-Q2",2.160130164,
"CRI","QGDP","TOT","PC_CHGPP","Q","2017-Q3",-0.019667871,
"CRI","QGDP","TOT","PC_CHGPP","Q","2017-Q4",1.739759563,
"CRI","QGDP","TOT","PC_CHGPP","Q","2018-Q1",0.375852222,
"CRI","QGDP","TOT","PC_CHGPP","Q","2018-Q2",0.990786932,
"CRI","QGDP","TOT","PC_CHGPP","Q","2018-Q3",-0.399653099,
"CRI","QGDP","TOT","PC_CHGPP","Q","2018-Q4",-0.562710038,
"CRI","QGDP","TOT","PC_CHGPP","Q","2019-Q1",1.493487255,
"CRI","QGDP","TOT","PC_CHGPP","Q","2019-Q2",1.208692241,
"CRI","QGDP","TOT","PC_CHGPP","Q","2019-Q3",0.359166654,
"CRI","QGDP","TOT","PC_CHGPP","Q","2019-Q4",0.67214128,
"CRI","QGDP","TOT","PC_CHGPP","Q","2020-Q1",-0.609159039,
"CRI","QGDP","TOT","PC_CHGPP","Q","2020-Q2",-8.132380924,
"CRI","QGDP","TOT","PC_CHGPP","Q","2020-Q3",1.398586087,
"CRI","QGDP","TOT","PC_CHGPP","Q","2020-Q4",4.310902423,
"CRI","QGDP","TOT","PC_CHGPP","Q","2021-Q1",2.745223565,
"CRI","QGDP","TOT","PC_CHGPP","Q","2021-Q2",1.462625103,
"CRI","QGDP","TOT","PC_CHGPP","Q","2021-Q3",3.560491229,
"CRI","QGDP","TOT","PC_CHGPP","Q","2021-Q4",1.026251868,
"CRI","QGDP","TOT","PC_CHGPP","Q","2022-Q1",-0.458981398,
